Term,Stamm,Sprache,Zeitraum
ನಿಘಂಟು,निघण्टु,Sanskrit,1500 BCE - present (liturgical/classical)
ಇಂಗ್ಲಿಷ್,English,English,1550 CE - present
ಕನ್ನಡ,ಕಱೆ,Kannada,450 CE - present
ಕನ್ನಡ,ನಾಡು,Kannada,450 CE - present
ಒಂದು,*onṯu,Proto-Dravidian,3000 BCE - 1500 BCE (disputed)
ಮನೆ,*manay,Proto-Dravidian,3000 BCE - 1500 BCE (disputed)
ನಾಯಿ,ನಾಯ್,Old Kannada,450 CE - 1200 CE
ನಾಯಿ,*naH-ay,Proto-Dravidian,3000 BCE - 1500 BCE (disputed)
ಕಣ್ಣು,*kaṇ,Proto-Dravidian,3000 BCE - 1500 BCE (disputed)
ಆರು,ಆಱು,Old Kannada,450 CE - 1200 CE
ಆರು,*cāṯu,Proto-Dravidian,3000 BCE - 1500 BCE (disputed)
ಜನ,ಜನ,Old Kannada,450 CE - 1200 CE
ಜನ,जन,Sanskrit,1500 BCE - present (liturgical/classical)
ಕುರ್ಚಿ,कुरसी,Hindi,not available
ಕುರ್ಚಿ,كُرْسِيّ,Arabic,600 CE - present
ಭಸ್ಮ,भस्म,Sanskrit,1500 BCE - present (liturgical/classical)
ಮೇಣ,मदन,Sanskrit,1500 BCE - present (liturgical/classical)
ಹಾವು,*pāmpu,Proto-Dravidian,3000 BCE - 1500 BCE (disputed)
ಸಿಂಹ,सिंह,Sanskrit,1500 BCE - present (liturgical/classical)
ಅರಣ್ಯ,अरण्य,Sanskrit,1500 BCE - present (liturgical/classical)
ಕಫ,कफ,Sanskrit,1500 BCE - present (liturgical/classical)
ಕೋಶ,कोश,Sanskrit,1500 BCE - present (liturgical/classical)
ದಿನ,दिन,Sanskrit,1500 BCE - present (liturgical/classical)
ದೀರ್ಘ,दीर्घ,Sanskrit,1500 BCE - present (liturgical/classical)
ಕಂಠ,कण्ठ,Sanskrit,1500 BCE - present (liturgical/classical)
ಅಗ್ನಿ,अग्नि,Sanskrit,1500 BCE - present (liturgical/classical)
ಘೂಕ,घूक,Sanskrit,1500 BCE - present (liturgical/classical)
ಚಂದ್ರ,चन्द्र,Sanskrit,1500 BCE - present (liturgical/classical)
ದುಗ್ಧ,दुग्ध,Sanskrit,1500 BCE - present (liturgical/classical)
ನಾಗ,नाग,Sanskrit,1500 BCE - present (liturgical/classical)
ಪಲಂಕಷ,पलंकष,Sanskrit,1500 BCE - present (liturgical/classical)
ಹಾಲು,*pāl(u),Proto-Dravidian,3000 BCE - 1500 BCE (disputed)
ಸಂಸ್ಕೃತ,संस्कृत,Sanskrit,1500 BCE - present (liturgical/classical)
ನೀರು,*nīr,Proto-Dravidian,3000 BCE - 1500 BCE (disputed)
ರಕ್ತ,रक्त,Classical Sanskrit,500 BCE - 1000 CE
ಭಾರತ,भारत,Sanskrit,1500 BCE - present (liturgical/classical)
ನದಿ,नदी,Sanskrit,1500 BCE - present (liturgical/classical)
ಯಾತ್ರಿಕ,यात्रिक,Sanskrit,1500 BCE - present (liturgical/classical)
ಹಿಟ್ಟು,ಪಿಟ್ಟು,Old Kannada,450 CE - 1200 CE
ಹಿಟ್ಟು,𑀧𑀺𑀝𑁆𑀞,Maharastri Prakrit,1 CE - 700 CE
ಹಿಟ್ಟು,पिष्ट,Sanskrit,1500 BCE - present (liturgical/classical)
ಗಿರಿ,गिरि,Sanskrit,1500 BCE - present (liturgical/classical)
ಪರ್ವತ,पर्वत,Sanskrit,1500 BCE - present (liturgical/classical)
ವನ,वन,Sanskrit,1500 BCE - present (liturgical/classical)
ಅಡವಿ,अटवि,Sanskrit,1500 BCE - present (liturgical/classical)
ಕಾನನ,कानन,Sanskrit,1500 BCE - present (liturgical/classical)
ಅಗ್ನಿಪರ್ವತ,ಅಗ್ನಿ,Kannada,450 CE - present
ಅಗ್ನಿಪರ್ವತ,ಪರ್ವತ,Kannada,450 CE - present
ಉರಿಬೆಟ್ಟ,ಉರಿ,Kannada,450 CE - present
ಉರಿಬೆಟ್ಟ,ಬೆಟ್ಟ,Kannada,450 CE - present
ಭಾಷೆ,भाषा,Sanskrit,1500 BCE - present (liturgical/classical)
ರಾಮ,राम,Sanskrit,1500 BCE - present (liturgical/classical)
ಗ್ರಹ,ग्रह,Sanskrit,1500 BCE - present (liturgical/classical)
ಇತಿಹಾಸ,इतिहास,Sanskrit,1500 BCE - present (liturgical/classical)
ಜಂಗಲು,जङ्गल,Sanskrit,1500 BCE - present (liturgical/classical)
ಧ್ಯಾನ,ध्यान,Sanskrit,1500 BCE - present (liturgical/classical)
ಗಾಂಜಾ,गञ्जा,Sanskrit,1500 BCE - present (liturgical/classical)
ಭಕ್ತಿ,भक्ति,Sanskrit,1500 BCE - present (liturgical/classical)
ಆರೋಗ್ಯದ,आरोग्य,Sanskrit,1500 BCE - present (liturgical/classical)
ನಾಷ್ಟಾ,ناشتا,Persian,1000 CE - present
ನಾಷ್ಟಾ,अनाशित,Sanskrit,1500 BCE - present (liturgical/classical)
ಕಡಲು,*kaṭal,Proto-Dravidian,3000 BCE - 1500 BCE (disputed)
ಹೆಸರು,ಪೆಸರ್,Old Kannada,450 CE - 1200 CE
ಹೆಸರು,*picar,Proto-Dravidian,3000 BCE - 1500 BCE (disputed)
ನಾನು,ನಾನ್,Old Kannada,450 CE - 1200 CE
ನಾನು,*yāṉ,Proto-Dravidian,3000 BCE - 1500 BCE (disputed)
ನೀನು,ನೀನ್,Old Kannada,450 CE - 1200 CE
ನೀನು,*nīn,Proto-Dravidian,3000 BCE - 1500 BCE (disputed)
ಇಂಗಾಲ,अङ्गार,Sanskrit,1500 BCE - present (liturgical/classical)
ಮಳೆ,ಮೞೆ,Old Kannada,450 CE - 1200 CE
ಮಳೆ,*maẓay,Proto-Dravidian,3000 BCE - 1500 BCE (disputed)
ಕರೆ,ಕರೆ,Old Kannada,450 CE - 1200 CE
ಕರೆ,ಕಱೆ,Old Kannada,450 CE - 1200 CE
ಹೋಗು,ಪೋಗು,Old Kannada,450 CE - 1200 CE
ಹೋಗು,*pō-,Proto-Dravidian,3000 BCE - 1500 BCE (disputed)
ಹೇಳು,ಪೇೞು,Old Kannada,450 CE - 1200 CE
ಹೇಳು,*pēẓ- ~ *pēč-,Proto-Dravidian,3000 BCE - 1500 BCE (disputed)
ಸೂರ್ಯ,सूर्य,Sanskrit,1500 BCE - present (liturgical/classical)
ಅಥವಾ,अथवा,Sanskrit,1500 BCE - present (liturgical/classical)
ತಾಯಿ,*tāy,Proto-Dravidian,3000 BCE - 1500 BCE (disputed)
ತಂದೆ,*tantay,Proto-Dravidian,3000 BCE - 1500 BCE (disputed)
ತಂದೆ,*tanṯi,Proto-Dravidian,3000 BCE - 1500 BCE (disputed)
ವಿದ್ಯುತ್ತು,विद्युत्,Sanskrit,1500 BCE - present (liturgical/classical)
ವಾ,वा,Hindi,not available
ವಾ,वा,Sanskrit,1500 BCE - present (liturgical/classical)
ವಾ,*-wē,Proto-Indo-European,4500 BCE - 2500 BCE
ಯಾ,یا,Persian,1000 CE - present
ಅವನು,*a-,Proto-Dravidian,3000 BCE - 1500 BCE (disputed)
ಕಲ್ಲು,ಕಲ್,Old Kannada,450 CE - 1200 CE
ಎಣ್ಣೆ,*eḷ,Proto-Dravidian,3000 BCE - 1500 BCE (disputed)
ಎಣ್ಣೆ,*ney,Proto-Dravidian,3000 BCE - 1500 BCE (disputed)
ಚಕ್ರ,चक्र,Sanskrit,1500 BCE - present (liturgical/classical)
ಹೃದಯ,हृदय,Sanskrit,1500 BCE - present (liturgical/classical)
ಕನಸು,*kanac-u,Proto-Dravidian,3000 BCE - 1500 BCE (disputed)
ಉಗುರು,*ukir,Proto-Dravidian,3000 BCE - 1500 BCE (disputed)
ಕೈ,*kay,Proto-Dravidian,3000 BCE - 1500 BCE (disputed)
ಹಲ್ಲು,*pal,Proto-Dravidian,3000 BCE - 1500 BCE (disputed)
ದ್ವೀಪ,द्वीप,Sanskrit,1500 BCE - present (liturgical/classical)
ಮೀನು,*mīn,Proto-Dravidian,3000 BCE - 1500 BCE (disputed)
ವಾಕ್ಯ,वाक्य,Sanskrit,1500 BCE - present (liturgical/classical)
ಗೋಧಿ,गोधूम,Sanskrit,1500 BCE - present (liturgical/classical)
ಕೆರೆ,ಕೆಱೆ,Old Kannada,450 CE - 1200 CE
ಕೆರೆ,ಕೆರೆ,Old Kannada,450 CE - 1200 CE
ಗೆಲ್ಲು,*gel-,Proto-Dravidian,3000 BCE - 1500 BCE (disputed)
ಧೂಮಕೇತು,धूमकेतु,Sanskrit,1500 BCE - present (liturgical/classical)
ಎರಡು,*ir-,Proto-Dravidian,3000 BCE - 1500 BCE (disputed)
ಮೂರು,*mūnṯu,Proto-Dravidian,3000 BCE - 1500 BCE (disputed)
ನಾಲ್ಕು,*nāl,Proto-Dravidian,3000 BCE - 1500 BCE (disputed)
ಐದು,*caymtu,Proto-Dravidian,3000 BCE - 1500 BCE (disputed)
ಏಳು,*ēẓ,Proto-Dravidian,3000 BCE - 1500 BCE (disputed)
ಎಂಟು,*eṇṭṭu,Proto-Dravidian,3000 BCE - 1500 BCE (disputed)
ಒಂಬತ್ತು,*on,Proto-Dravidian,3000 BCE - 1500 BCE (disputed)
ಹತ್ತು,ಪತ್ತು,Old Kannada,450 CE - 1200 CE
ಹತ್ತು,*paHtu,Proto-Dravidian,3000 BCE - 1500 BCE (disputed)
ಸೊನ್ನೆ,ಸುನ್ನ,Old Kannada,450 CE - 1200 CE
ಸೊನ್ನೆ,suñña,Pali,500 BCE - 1 CE
ಸೊನ್ನೆ,शून्य,Sanskrit,1500 BCE - present (liturgical/classical)
ಇಪ್ಪತ್ತು,*irpattu,Proto-Dravidian,3000 BCE - 1500 BCE (disputed)
ನಾವು,ನಾವ್,Old Kannada,450 CE - 1200 CE
ನಾವು,*ñām,Proto-Dravidian,3000 BCE - 1500 BCE (disputed)
ಅದು,*atu,Proto-Dravidian,3000 BCE - 1500 BCE (disputed)
ಇದು,*ī,Proto-Dravidian,3000 BCE - 1500 BCE (disputed)
ಉಪಯೋಗ,उपयोग,Sanskrit,1500 BCE - present (liturgical/classical)
ಪೂರ್ವ,पूर्व,Sanskrit,1500 BCE - present (liturgical/classical)
ದೀಪಾವಳಿ,दीपावलि,Sanskrit,1500 BCE - present (liturgical/classical)
ಬಾಳೆ,*wāẓ-a-,Proto-Dravidian,3000 BCE - 1500 BCE (disputed)
ವಿಮಾನ,विमान,Sanskrit,1500 BCE - present (liturgical/classical)
ಹಂದಿ,ಪಂದಿ,Old Kannada,450 CE - 1200 CE
ಹಂದಿ,*panṯi,Proto-Dravidian,3000 BCE - 1500 BCE (disputed)
ಅ,अ,Sanskrit,1500 BCE - present (liturgical/classical)
ಅ,*a-,Proto-Dravidian,3000 BCE - 1500 BCE (disputed)
ಅ,*-ath,Proto-Dravidian,3000 BCE - 1500 BCE (disputed)
ತೋಳ,*tōnḍl,Proto-Dravidian,3000 BCE - 1500 BCE (disputed)
ಈ,*iH,Proto-Dravidian,3000 BCE - 1500 BCE (disputed)
ದೂರದರ್ಶನ,ದೂರ,Kannada,450 CE - present
ದೂರದರ್ಶನ,ದರ್ಶನ,Kannada,450 CE - present
ದೂರದರ್ಶನ,दूरदर्शन,Sanskrit,1500 BCE - present (liturgical/classical)
ನಿಯಮ,नियम,Sanskrit,1500 BCE - present (liturgical/classical)
ಹಲಸು,*palṇas,Proto-Dravidian,3000 BCE - 1500 BCE (disputed)
ಸೊಸೆ,स्नुषा,Sanskrit,1500 BCE - present (liturgical/classical)
ಕೋಪ,कोप,Sanskrit,1500 BCE - present (liturgical/classical)
ಭಯ,भय,Sanskrit,1500 BCE - present (liturgical/classical)
ದೇಹ,देह,Sanskrit,1500 BCE - present (liturgical/classical)
ಕೇವಲ,केवल,Sanskrit,1500 BCE - present (liturgical/classical)
ನಿದ್ದೆ,niddā,Pali,500 BCE - 1 CE
ನಿದ್ದೆ,निद्रा,Sanskrit,1500 BCE - present (liturgical/classical)
ಸ್ತನ,स्तन,Sanskrit,1500 BCE - present (liturgical/classical)
ಮೇಲೆ,*mē,Proto-Dravidian,3000 BCE - 1500 BCE (disputed)
ಕಣ,कण,Sanskrit,1500 BCE - present (liturgical/classical)
ಕೆಂಪು,*kem,Proto-Dravidian,3000 BCE - 1500 BCE (disputed)
ಮೀಸೆ,श्मश्रु,Sanskrit,1500 BCE - present (liturgical/classical)
ರುದ್ರಭೂಮಿ,ರುದ್ರ,Kannada,450 CE - present
ರುದ್ರಭೂಮಿ,ಭೂಮಿ,Kannada,450 CE - present
ವಿಧವೆ,विधवा,Sanskrit,1500 BCE - present (liturgical/classical)
ಚೋರ,चोर,Sanskrit,1500 BCE - present (liturgical/classical)
ಒಂಟೆ,उष्ट्र,Sanskrit,1500 BCE - present (liturgical/classical)
ಸೇಬು,سیب,Classical Persian,800 CE - 1900 CE
ಸೇಬು,*cáywaH,Proto-Iranian,not available
ದ್ರಾಕ್ಷಿ,द्राक्ष,Sanskrit,1500 BCE - present (liturgical/classical)
ಅನಾನಸ್,ananás,Portuguese,1516 CE - present
ಶೌಚಾಲಯ,शौचालय,Sanskrit,1500 BCE - present (liturgical/classical)
ಕವಿ,कवि,Sanskrit,1500 BCE - present (liturgical/classical)
ವಿಷ,विष,Sanskrit,1500 BCE - present (liturgical/classical)
ಆಸ್ಪತ್ರೆ,hospital,Portuguese,1516 CE - present
ಆಸ್ಪತ್ರೆ,hospital,English,1550 CE - present
ಉಣ್ಣೆ,uṇṇa,Pali,500 BCE - 1 CE
ಉಣ್ಣೆ,ऊर्णा,Sanskrit,1500 BCE - present (liturgical/classical)
ಬಣ್ಣ,vaṇṇa,Pali,500 BCE - 1 CE
ಬಣ್ಣ,वर्ण,Sanskrit,1500 BCE - present (liturgical/classical)
ಶ್ವಾಸ,श्वास,Sanskrit,1500 BCE - present (liturgical/classical)
ಪೂರ್ಣ,पूर्ण,Sanskrit,1500 BCE - present (liturgical/classical)
ವಿವರ್ಣ,विवर्ण,Sanskrit,1500 BCE - present (liturgical/classical)
ಪೊರ,पोर,Marathi,not available
ಪೊರ,पुत्रक,Sanskrit,1500 BCE - present (liturgical/classical)
ಶಂಕೆ,शङ्क्,Sanskrit,1500 BCE - present (liturgical/classical)
ಚಿರತೆ,चित्रकाय,Sanskrit,1500 BCE - present (liturgical/classical)
ದೂರ್ವೆ,दूर्वा,Sanskrit,1500 BCE - present (liturgical/classical)
ಚೇಳು,ತೇಳು,Old Kannada,450 CE - 1200 CE
ಚೇಳು,*tēḷ,Proto-Dravidian,3000 BCE - 1500 BCE (disputed)
ಊರು,*ūr,Proto-Dravidian,3000 BCE - 1500 BCE (disputed)
ಬೀಜ,बीज,Sanskrit,1500 BCE - present (liturgical/classical)
ಪತ್ನಿ,पत्नी,Sanskrit,1500 BCE - present (liturgical/classical)
ಮಿತ್ರ,मित्र,Sanskrit,1500 BCE - present (liturgical/classical)
ರೋಗ,रोग,Sanskrit,1500 BCE - present (liturgical/classical)
ನೂರು,*nūṯ,Proto-Dravidian,3000 BCE - 1500 BCE (disputed)
ಅರಸು,राजन्,Sanskrit,1500 BCE - present (liturgical/classical)
ನಿದ್ರೆ,निद्रा,Sanskrit,1500 BCE - present (liturgical/classical)
ಅನುಭವ,अनुभव,Sanskrit,1500 BCE - present (liturgical/classical)
ಭಯೋತ್ಪಾದನೆ,ಭಯ,Kannada,450 CE - present
ಭಯೋತ್ಪಾದನೆ,ಉತ್ಪಾದನೆ,Kannada,450 CE - present
ಭಯೋತ್ಪಾದನೆ,भय,Sanskrit,1500 BCE - present (liturgical/classical)
ರಕ್ಷಿಸು,रक्षा,Sanskrit,1500 BCE - present (liturgical/classical)
ಗೆಳೆಯ,*keḷ-,Proto-Dravidian,3000 BCE - 1500 BCE (disputed)
ಪುತ್ರ,पुत्र,Sanskrit,1500 BCE - present (liturgical/classical)
ಈಗ,*ī,Proto-Dravidian,3000 BCE - 1500 BCE (disputed)
ಸುಣ್ಣ,चूर्ण,Sanskrit,1500 BCE - present (liturgical/classical)
ಸಣ್ಣ,श्लक्ष्ण,Sanskrit,1500 BCE - present (liturgical/classical)
ಸಿಹಿ,*tjī-,Proto-Dravidian,3000 BCE - 1500 BCE (disputed)
ದೂರ,दूर,Sanskrit,1500 BCE - present (liturgical/classical)
ಮಾಂಸ,मांस,Sanskrit,1500 BCE - present (liturgical/classical)
ಲಗ್ನ,लग्न,Sanskrit,1500 BCE - present (liturgical/classical)
ಕೋರಿಕೆ,*kōr-,Proto-Dravidian,3000 BCE - 1500 BCE (disputed)
ಸ್ತ್ರೀ,स्त्री,Sanskrit,1500 BCE - present (liturgical/classical)
ಹುಣ್ಣಿಮೆ,ಪುಣ್ಣಿಮೆ,Old Kannada,450 CE - 1200 CE
ಹುಣ್ಣಿಮೆ,पूर्णिमा,Sanskrit,1500 BCE - present (liturgical/classical)
ಸ್ಪರ್ಧೆ,स्पर्धा,Sanskrit,1500 BCE - present (liturgical/classical)
ಉಗ್ರ,उग्र,Sanskrit,1500 BCE - present (liturgical/classical)
ಸೊಂಡಿಲು,शुण्डा,Sanskrit,1500 BCE - present (liturgical/classical)
ಸ್ವಪ್ನ,स्वप्न,Sanskrit,1500 BCE - present (liturgical/classical)
ದಹಿಸು,दहति,Sanskrit,1500 BCE - present (liturgical/classical)
ವಧು,वधू,Sanskrit,1500 BCE - present (liturgical/classical)
ರಣಹದ್ದು,ರಣ,Kannada,450 CE - present
ರಣಹದ್ದು,ಹದ್ದು,Kannada,450 CE - present
ಹಿಮ,हिम,Sanskrit,1500 BCE - present (liturgical/classical)
ಋಣ,ऋण,Sanskrit,1500 BCE - present (liturgical/classical)
ಕಾಗೆ,काक,Sanskrit,1500 BCE - present (liturgical/classical)
ಹೆಣ್ಣು,*peṇ,Proto-Dravidian,3000 BCE - 1500 BCE (disputed)
ಕಲ್ಪಿಸು,कॢप्,Sanskrit,1500 BCE - present (liturgical/classical)
ಸೇತುವೆ,सेतु,Sanskrit,1500 BCE - present (liturgical/classical)
ಗಗನ,गगन,Sanskrit,1500 BCE - present (liturgical/classical)
ಪತಿ,पति,Sanskrit,1500 BCE - present (liturgical/classical)
ಉದ್ದ,ऊर्ध्व,Sanskrit,1500 BCE - present (liturgical/classical)
ಕೊತ್ತಂಬರಿ,कुस्तुम्बरी,Sanskrit,1500 BCE - present (liturgical/classical)
ಮೊಸರು,*mūsar,Proto-Dravidian,3000 BCE - 1500 BCE (disputed)
ಶ್ವಾನ,श्वन्,Sanskrit,1500 BCE - present (liturgical/classical)
ಪಾಪ,पाप,Sanskrit,1500 BCE - present (liturgical/classical)
ಜಯ,जय,Sanskrit,1500 BCE - present (liturgical/classical)
ಕ್ಷಯ,क्षय,Sanskrit,1500 BCE - present (liturgical/classical)
ಋಷಭ,ऋषभ,Sanskrit,1500 BCE - present (liturgical/classical)
ಮೃಗ,मृग,Sanskrit,1500 BCE - present (liturgical/classical)
ಬಲಾತ್ಕಾರ,बलात्कार,Sanskrit,1500 BCE - present (liturgical/classical)
ಬಲ,बल,Sanskrit,1500 BCE - present (liturgical/classical)
ಹಂಸ,हंस,Sanskrit,1500 BCE - present (liturgical/classical)
ತತ್ಕ್ಷಣ,तत्क्षण,Sanskrit,1500 BCE - present (liturgical/classical)
ಮೂಕ,मूक,Sanskrit,1500 BCE - present (liturgical/classical)
ಜಡೆ,ಜೆಡೆ,Old Kannada,450 CE - 1200 CE
ಜಡೆ,जटा,Sanskrit,1500 BCE - present (liturgical/classical)
ರಾಷ್ಟ್ರಪತಿ,राष्ट्रपति,Sanskrit,1500 BCE - present (liturgical/classical)
ಬದುಕು,ಬರ್ದುಂಕು,Middle Kannada,1200 CE - 1700 CE
ಬದುಕು,ಬೞ್ದುಂಕು,Old Kannada,450 CE - 1200 CE
ಬದುಕು,*vāẓ-,Proto-Dravidian,3000 BCE - 1500 BCE (disputed)
ಹೊರಗೆ,ಪೊರಗು,Old Kannada,450 CE - 1200 CE
ಹೊರಗೆ,*pūr-,Proto-Dravidian,3000 BCE - 1500 BCE (disputed)
ಸಾವಿರ,ಸಾಸಿರ,Old Kannada,450 CE - 1200 CE
ಸಾವಿರ,सहस्र,Sanskrit,1500 BCE - present (liturgical/classical)
ಮೊಟ್ಟೆ,*muṭṭay,Proto-Dravidian,3000 BCE - 1500 BCE (disputed)
ಹಡಗು,ಪಡಂಗು,Old Kannada,450 CE - 1200 CE
ಹಡಗು,*paḍak-,Proto-Dravidian,3000 BCE - 1500 BCE (disputed)
ಹಕ್ಕಿ,ಪಕ್ಕಿ,Old Kannada,450 CE - 1200 CE
ಹಕ್ಕಿ,𑀧𑀓𑁆𑀔𑀺,Prakrit,500 BCE - 1000 CE
ಹಕ್ಕಿ,पक्षिन्,Sanskrit,1500 BCE - present (liturgical/classical)
ತುಪ್ಪ,ತುಪ್ಪ,Old Kannada,450 CE - 1200 CE
ಜೀವ,जीव,Sanskrit,1500 BCE - present (liturgical/classical)
ಯುದ್ಧ,युद्ध,Sanskrit,1500 BCE - present (liturgical/classical)
ಹಿತ್ತಾಳೆ,ಪಿತ್ತಳೆ,Old Kannada,450 CE - 1200 CE
ಹಿತ್ತಾಳೆ,पित्तल,Sanskrit,1500 BCE - present (liturgical/classical)
ಹಸ್ತ,हस्त,Sanskrit,1500 BCE - present (liturgical/classical)
ವೃಕ್ಷ,वृक्ष,Sanskrit,1500 BCE - present (liturgical/classical)
ಬುದ್ಧಿ,बुद्धि,Sanskrit,1500 BCE - present (liturgical/classical)
ಅನುಭವಿಸು,अनुभव,Sanskrit,1500 BCE - present (liturgical/classical)
ಕ್ರಿಸ್ತ ಪೂರ್ವ,Before Christ,English,1550 CE - present
ಕೋರೆಷ,𐎤𐎢𐎽𐎢𐏁,Old Persian,600 BCE - 300 BCE
ಕೃಷ್ಣ,कृष्ण,Sanskrit,1500 BCE - present (liturgical/classical)
ಶಿವ,शिव,Sanskrit,1500 BCE - present (liturgical/classical)
ಮುಗ್ಧ,मुग्ध,Sanskrit,1500 BCE - present (liturgical/classical)
ಮಗ್ನ,मग्न,Sanskrit,1500 BCE - present (liturgical/classical)
ಸರ್ಪ,सर्प,Sanskrit,1500 BCE - present (liturgical/classical)
ಬೋಧಿಸು,बोधति,Sanskrit,1500 BCE - present (liturgical/classical)
ಗರ್ಭ,गर्भ,Sanskrit,1500 BCE - present (liturgical/classical)
ಮೇಘ,मेघ,Sanskrit,1500 BCE - present (liturgical/classical)
ನಿರಭ್ರ,निरभ्र,Sanskrit,1500 BCE - present (liturgical/classical)
ರಹಸ್ಯ,रहस्य,Sanskrit,1500 BCE - present (liturgical/classical)
ನೇತ್ರ,नेत्र,Sanskrit,1500 BCE - present (liturgical/classical)
ಈರ್ಷ್ಯೆ,ईर्ष्यति,Sanskrit,1500 BCE - present (liturgical/classical)
ಲೇಪಿಸು,लेपयति,Sanskrit,1500 BCE - present (liturgical/classical)
ವಾಯು,वायु,Sanskrit,1500 BCE - present (liturgical/classical)
ಜ್ವಲಿಸು,ज्वलति,Sanskrit,1500 BCE - present (liturgical/classical)
ರವಿ,रवि,Sanskrit,1500 BCE - present (liturgical/classical)
ಸ್ನೇಹಿತ,स्नेहित,Sanskrit,1500 BCE - present (liturgical/classical)
ನಕ್ಷತ್ರ,नक्षत्र,Sanskrit,1500 BCE - present (liturgical/classical)
ನಾಳೆ,*nāḷ-,Proto-Dravidian,3000 BCE - 1500 BCE (disputed)
ಕಪಟ,कपट,Sanskrit,1500 BCE - present (liturgical/classical)
ಬಸವ,वृषभ,Sanskrit,1500 BCE - present (liturgical/classical)
ವರ್ಣಭೇದ,ವರ್ಣ,Kannada,450 CE - present
ವರ್ಣಭೇದ,ಭೇದ,Kannada,450 CE - present
ಭೇದ,भेद,Sanskrit,1500 BCE - present (liturgical/classical)
ವರ್ಣ,वर्ण,Sanskrit,1500 BCE - present (liturgical/classical)
ಹೀನ,हीन,Sanskrit,1500 BCE - present (liturgical/classical)
ಹಿಂಡು,ಪಿಂಡು,Old Kannada,450 CE - 1200 CE
ಹಿಂಡು,*pi(n)ḍ-,Proto-Dravidian,3000 BCE - 1500 BCE (disputed)
ಹಿಂಡು,पीडयति,Sanskrit,1500 BCE - present (liturgical/classical)
ಹಿಂಡು,*pižd-,Proto-Indo-Iranian,2200 BCE - 1800 BCE
ಹಿಂಡು,*pisd-,Proto-Indo-European,4500 BCE - 2500 BCE
ಚರ್ಮ,चर्मन्,Sanskrit,1500 BCE - present (liturgical/classical)
ಪುರುಷ,पुरुष,Sanskrit,1500 BCE - present (liturgical/classical)
ಪೌರುಷ,पौरुष,Sanskrit,1500 BCE - present (liturgical/classical)
ಸೂಕರ,सूकर,Sanskrit,1500 BCE - present (liturgical/classical)
ನರ,*naram(b),Proto-Dravidian,3000 BCE - 1500 BCE (disputed)
ನರ,नर,Sanskrit,1500 BCE - present (liturgical/classical)
ಅಳು,*eẓ-,Proto-Dravidian,3000 BCE - 1500 BCE (disputed)
ಸಮುದ್ರ,समुद्र,Sanskrit,1500 BCE - present (liturgical/classical)
ಪೈಗಂಬರ್,پیغمبر,Persian,1000 CE - present
ಪೈಗಂಬರ್,पैग़म्बर,Hindi,not available
ಸೀತೆ,सीता,Sanskrit,1500 BCE - present (liturgical/classical)
ರಥ,रथ,Sanskrit,1500 BCE - present (liturgical/classical)
ಋಷಿ,ऋषि,Sanskrit,1500 BCE - present (liturgical/classical)
ಮೇರಿ,Mary,English,1550 CE - present
ಮೇರಿ,מִרְיָם,Hebrew,900 BCE - 500 CE
ಕ್ರಿಸ್ಮಸ್,Christmas,English,1550 CE - present
ಮುಖ,मुख,Sanskrit,1500 BCE - present (liturgical/classical)
ಹ್ರಸ್ವ,ह्रस्व,Sanskrit,1500 BCE - present (liturgical/classical)
ಸ್ಪಷ್ಟ,स्पष्ट,Sanskrit,1500 BCE - present (liturgical/classical)
ಆಲೋಚನೆ,आलोचना,Sanskrit,1500 BCE - present (liturgical/classical)
ಆಲೋಚಿಸು,आलोचना,Sanskrit,1500 BCE - present (liturgical/classical)
ನಮ್ರ,नम्र,Sanskrit,1500 BCE - present (liturgical/classical)
ದ್ವೇಷ,द्वेष,Sanskrit,1500 BCE - present (liturgical/classical)
ಆಚರಿಸು,आचरण,Sanskrit,1500 BCE - present (liturgical/classical)
ಕೃಶ,कृश,Sanskrit,1500 BCE - present (liturgical/classical)
ತ್ಯಾಗ,त्याग,Sanskrit,1500 BCE - present (liturgical/classical)
ವಸ್ತ್ರ,वस्त्र,Sanskrit,1500 BCE - present (liturgical/classical)
ಜವಳಿ,*žavaḷi,Proto-Dravidian,3000 BCE - 1500 BCE (disputed)
ಹಗುರು,ಅಗುರು,Old Kannada,450 CE - 1200 CE
ಹಗುರು,अगुरु,Sanskrit,1500 BCE - present (liturgical/classical)
ಮಧು,मधु,Sanskrit,1500 BCE - present (liturgical/classical)
ಚೊಕ್ಕ,चोक्ष,Sanskrit,1500 BCE - present (liturgical/classical)
ಹುಳು,ಪುೞು,Old Kannada,450 CE - 1200 CE
ಹುಳು,*puẓ-u,Proto-Dravidian,3000 BCE - 1500 BCE (disputed)
ನಗು,*nag-,Proto-Dravidian,3000 BCE - 1500 BCE (disputed)
ದೃಢ,दृढ,Sanskrit,1500 BCE - present (liturgical/classical)
ಮಧುರ,मधुर,Sanskrit,1500 BCE - present (liturgical/classical)
ಮೃತ,मृत,Sanskrit,1500 BCE - present (liturgical/classical)
ಕಲ್ಲಂಗಡಿ,कलिंगड,Marathi,not available
ಕಲ್ಲಂಗಡಿ,कालिङ्ग,Sanskrit,1500 BCE - present (liturgical/classical)
ಗುಟ್ಟು,गुप्त,Sanskrit,1500 BCE - present (liturgical/classical)
ಹಸು,ಪಸು,Old Kannada,450 CE - 1200 CE
ಹಸು,pasu,Pali,500 BCE - 1 CE
ಹಸು,𑀧𑀲𑀼,Maharastri Prakrit,1 CE - 700 CE
ಹಸು,पशु,Sanskrit,1500 BCE - present (liturgical/classical)
ಎತ್ತು,ಎರ್ತು,Middle Kannada,1200 CE - 1700 CE
ಎತ್ತು,ಎೞ್ತು,Old Kannada,450 CE - 1200 CE
ಎತ್ತು,*er-utu,Proto-Dravidian,3000 BCE - 1500 BCE (disputed)
ಹೂವು,ಪೂ,Old Kannada,450 CE - 1200 CE
ಹೂವು,*pū,Proto-Dravidian,3000 BCE - 1500 BCE (disputed)
ಸ್ಥಿತಿ,स्थिति,Sanskrit,1500 BCE - present (liturgical/classical)
ಪೂವು,ಪೂವು,Old Kannada,450 CE - 1200 CE
ಪೂವು,*pū,Proto-Dravidian,3000 BCE - 1500 BCE (disputed)
ಹೂ,ಪೂ,Old Kannada,450 CE - 1200 CE
ಹೂ,*pū,Proto-Dravidian,3000 BCE - 1500 BCE (disputed)
ದೊನ್ನೆ,द्रोण,Sanskrit,1500 BCE - present (liturgical/classical)
ಗದ್ದೆ,ಗರ್ದೆ,Middle Kannada,1200 CE - 1700 CE
ಗದ್ದೆ,ಗೞ್ದೆ,Old Kannada,450 CE - 1200 CE
ಗದ್ದೆ,*keẓ-d,Proto-Dravidian,3000 BCE - 1500 BCE (disputed)
ಸಂಪಿಗೆ,चम्पक,Sanskrit,1500 BCE - present (liturgical/classical)
ಮಾತೆ,माता,Sanskrit,1500 BCE - present (liturgical/classical)
ರಾತ್ರಿ,रात्रि,Sanskrit,1500 BCE - present (liturgical/classical)
ಹುಳಿ,*puḷ,Proto-Dravidian,3000 BCE - 1500 BCE (disputed)
ಉತ್ತಮ,उत्तम,Sanskrit,1500 BCE - present (liturgical/classical)
ಮ್ಲೇಚ್ಛ,म्लेच्छ,Sanskrit,1500 BCE - present (liturgical/classical)
ಮನುಷ್ಯ,मनुष्य,Sanskrit,1500 BCE - present (liturgical/classical)
ಆರ್ಯ,आर्य,Sanskrit,1500 BCE - present (liturgical/classical)
ಇಚ್ಛಿಸು,इच्छा,Sanskrit,1500 BCE - present (liturgical/classical)
ಇಚ್ಛೆ,इच्छा,Sanskrit,1500 BCE - present (liturgical/classical)
ಜಾತಿ,जाति,Sanskrit,1500 BCE - present (liturgical/classical)
ಸಂಜೆ,𑀲𑀁𑀛𑀸,Maharastri Prakrit,1 CE - 700 CE
ಸಂಜೆ,संध्या,Sanskrit,1500 BCE - present (liturgical/classical)
ಅಕ್ಷರ,अक्षर,Sanskrit,1500 BCE - present (liturgical/classical)
ಮೃತ್ಯು,मृत्यु,Sanskrit,1500 BCE - present (liturgical/classical)
ರಿಕ್ತ,रिक्त,Sanskrit,1500 BCE - present (liturgical/classical)
ಲೋಕ,लोक,Sanskrit,1500 BCE - present (liturgical/classical)
ಶ್ರೇಷ್ಠ,श्रेष्ठ,Sanskrit,1500 BCE - present (liturgical/classical)
ಯಜ್ಞ,यज्ञ,Sanskrit,1500 BCE - present (liturgical/classical)
ರಿಪೇರಿ,repair,English,1550 CE - present
ಸ್ರೋತ,स्रोतस्,Sanskrit,1500 BCE - present (liturgical/classical)
ಪ್ರಜ್ಞೆ,प्रज्ञा,Sanskrit,1500 BCE - present (liturgical/classical)
ವಿಸ್ಮಯ,विस्मय,Sanskrit,1500 BCE - present (liturgical/classical)
ಮಧ್ಯಾಹ್ನ,मध्याह्न,Sanskrit,1500 BCE - present (liturgical/classical)
ಪರೀಕ್ಷಿಸು,परीक्षा,Sanskrit,1500 BCE - present (liturgical/classical)
ಅಂಶ,अंश,Sanskrit,1500 BCE - present (liturgical/classical)
ಘೋಷಿಸು,घोष,Sanskrit,1500 BCE - present (liturgical/classical)
ಗೂಢ,गूढ,Sanskrit,1500 BCE - present (liturgical/classical)
ತೃಣ,तृण,Sanskrit,1500 BCE - present (liturgical/classical)
ಪಾತ್ರ,पात्र,Sanskrit,1500 BCE - present (liturgical/classical)
ಕ್ಷೇತ್ರ,क्षेत्र,Sanskrit,1500 BCE - present (liturgical/classical)
ಖಡ್ಗಮೃಗ,खड्ग,Sanskrit,1500 BCE - present (liturgical/classical)
ಆನೆ,*yān-,Proto-Dravidian,3000 BCE - 1500 BCE (disputed)
ಶುಕ್ರ,शुक्र,Sanskrit,1500 BCE - present (liturgical/classical)
ಅನ್ಯ,अन्य,Sanskrit,1500 BCE - present (liturgical/classical)
ದಿವ್ಯ,दिव्य,Sanskrit,1500 BCE - present (liturgical/classical)
ವೃದ್ಧ,वृद्ध,Sanskrit,1500 BCE - present (liturgical/classical)
ಹಠ,हठ,Sanskrit,1500 BCE - present (liturgical/classical)
ಮಜ್ಜೆ,मज्जा,Sanskrit,1500 BCE - present (liturgical/classical)
ವಸಂತ,वसन्त,Sanskrit,1500 BCE - present (liturgical/classical)
ಮುಟ್ಟು,*muṭ-,Proto-Dravidian,3000 BCE - 1500 BCE (disputed)
ಶಿಶು,शिशु,Sanskrit,1500 BCE - present (liturgical/classical)
ತೃಪ್ತಿ,तृप्ति,Sanskrit,1500 BCE - present (liturgical/classical)
ಹಪ್ಪಳ,ಪಪ್ಪಳ,Old Kannada,450 CE - 1200 CE
ಹಪ್ಪಳ,𑀧𑀧𑁆𑀧𑀟,Maharastri Prakrit,1 CE - 700 CE
ಹಪ್ಪಳ,पर्पट,Sanskrit,1500 BCE - present (liturgical/classical)
ಮನ,मनस्,Sanskrit,1500 BCE - present (liturgical/classical)
ಆಮೆ,*tyām-,Proto-Dravidian,3000 BCE - 1500 BCE (disputed)
ಗೆಲುವು,*gel-,Proto-Dravidian,3000 BCE - 1500 BCE (disputed)
ಮೊಸಳೆ,*mocaḷ-,Proto-Dravidian,3000 BCE - 1500 BCE (disputed)
ಹಗಲು,ಪಗಲ್,Old Kannada,450 CE - 1200 CE
ತ್ಯಜಿಸು,त्यजति,Sanskrit,1500 BCE - present (liturgical/classical)
ಆಡು,*yāṭu,Proto-Dravidian,3000 BCE - 1500 BCE (disputed)
ಗಿಳಿ,*kiḷi,Proto-Dravidian,3000 BCE - 1500 BCE (disputed)
ಬೇವು,*wēmpu,Proto-Dravidian,3000 BCE - 1500 BCE (disputed)
ಚೆಲುವು,*cel-,Proto-Dravidian,3000 BCE - 1500 BCE (disputed)
ಪರಿಮಳ,परिमल,Sanskrit,1500 BCE - present (liturgical/classical)
ಲಜ್ಜೆ,लज्जा,Sanskrit,1500 BCE - present (liturgical/classical)
ಅಸ್ಥಿ,अस्थि,Sanskrit,1500 BCE - present (liturgical/classical)
ಸತ್ಯ,सत्य,Sanskrit,1500 BCE - present (liturgical/classical)
ಸಮ,सम,Sanskrit,1500 BCE - present (liturgical/classical)
ಸಹಿಸು,सहते,Sanskrit,1500 BCE - present (liturgical/classical)
ಹಾಜರಿ,हाज़िरी,Hindi,not available
ಹಾಜರಿ,حَاضِر,Arabic,600 CE - present
ಗಲೀಜು,غَلِيظ,Arabic,600 CE - present
ಪುರುಸತ್ತು,فرصت,Persian,1000 CE - present
ಪುರುಸತ್ತು,فُرْصَة,Arabic,600 CE - present
ಬಂಜೆ,वन्ध्या,Sanskrit,1500 BCE - present (liturgical/classical)
ಶುಂಠಿ,शुण्ठी,Sanskrit,1500 BCE - present (liturgical/classical)
ಬಿಡು,ಬಿಡು,Middle Kannada,1200 CE - 1700 CE
ಬಿಡು,ವಿಡು,Old Kannada,450 CE - 1200 CE
ಬಿಡು,*viṭu,Proto-Dravidian,3000 BCE - 1500 BCE (disputed)
ಶಾಯಿ,शाई,Marathi,not available
ಶಾಯಿ,سیاهی,Persian,1000 CE - present
ರಜೆ,रजा,Marathi,not available
ರಜೆ,رضا,Persian,1000 CE - present
ರಜೆ,رِضًا,Arabic,600 CE - present
ಲಘು,लघु,Sanskrit,1500 BCE - present (liturgical/classical)
ತೃಷ್ಣೆ,तृष्णा,Sanskrit,1500 BCE - present (liturgical/classical)
ಅಪ್ಸರೆ,अप्सराः,Sanskrit,1500 BCE - present (liturgical/classical)
ಹಕ್ಕು,हक़,Hindi,not available
ಹಕ್ಕು,حق,Persian,1000 CE - present
ಹಕ್ಕು,حَقّ,Arabic,600 CE - present
ಕ್ಷಣ,क्षण,Sanskrit,1500 BCE - present (liturgical/classical)
ಯಕ್ಷ,यक्ष,Sanskrit,1500 BCE - present (liturgical/classical)
ಕಟು,कटु,Sanskrit,1500 BCE - present (liturgical/classical)
ಕಲ್ಪನೆ,कल्पना,Sanskrit,1500 BCE - present (liturgical/classical)
ಜೇನು,*tēn,Proto-Dravidian,3000 BCE - 1500 BCE (disputed)
ಪಂಡಿತ,पण्डित,Sanskrit,1500 BCE - present (liturgical/classical)
ಮಣಿ,मणि,Sanskrit,1500 BCE - present (liturgical/classical)
ಮೂಢ,मूढ,Sanskrit,1500 BCE - present (liturgical/classical)
ದ್ಯೂತ,द्यूत,Sanskrit,1500 BCE - present (liturgical/classical)
ಜೂಜು,द्यूत,Sanskrit,1500 BCE - present (liturgical/classical)
ಗತ,गत,Sanskrit,1500 BCE - present (liturgical/classical)
ನಾಶ,नाश,Sanskrit,1500 BCE - present (liturgical/classical)
ಪದೇ ಪದೇ,पदे पदे,Sanskrit,1500 BCE - present (liturgical/classical)
ಚುನಾವಣೆ,चुनाव,Hindi,not available
ಚಂಡಮಾರುತ,चण्ड,Sanskrit,1500 BCE - present (liturgical/classical)
ಖಡ್ಗ,खड्ग,Sanskrit,1500 BCE - present (liturgical/classical)
ಚರ್ಚು,church,English,1550 CE - present
ಅಮ್ಮ,*amma,Proto-Dravidian,3000 BCE - 1500 BCE (disputed)
ಅಪ್ಪ,*appa,Proto-Dravidian,3000 BCE - 1500 BCE (disputed)
ಅಣ್ಣ,*aṇṇa,Proto-Dravidian,3000 BCE - 1500 BCE (disputed)
ಅನ್ನ,अन्न,Sanskrit,1500 BCE - present (liturgical/classical)
ಹಬ್ಬ,ಪರ್ಬ,Old Kannada,450 CE - 1200 CE
ಹಬ್ಬ,पर्वन्,Sanskrit,1500 BCE - present (liturgical/classical)
ಹುಲಿ,*puli,Proto-Dravidian,3000 BCE - 1500 BCE (disputed)
ಅಕ್ಕ,*akka-,Proto-Dravidian,3000 BCE - 1500 BCE (disputed)
ಕ್ರೀಡೆ,क्रीडा,Sanskrit,1500 BCE - present (liturgical/classical)
ಪುಳಿ,*puḷ,Proto-Dravidian,3000 BCE - 1500 BCE (disputed)
ದಿವಸ,दिवस,Sanskrit,1500 BCE - present (liturgical/classical)
ಕನ್ಯೆ,कन्या,Sanskrit,1500 BCE - present (liturgical/classical)
ಮೂತ್ರ,मूत्र,Sanskrit,1500 BCE - present (liturgical/classical)
ಶ್ರದ್ಧೆ,श्रद्धा,Sanskrit,1500 BCE - present (liturgical/classical)
ದಿಕ್ಕು,दिक्,Sanskrit,1500 BCE - present (liturgical/classical)
ಅಶ್ರು,अश्रु,Sanskrit,1500 BCE - present (liturgical/classical)
ಪತ್ರ,पत्त्र,Sanskrit,1500 BCE - present (liturgical/classical)
ಯುಕ್ತ,युक्त,Sanskrit,1500 BCE - present (liturgical/classical)
ಸಂಯುಕ್ತ,संयुक्त,Sanskrit,1500 BCE - present (liturgical/classical)
ಪಶು,पशु,Sanskrit,1500 BCE - present (liturgical/classical)
ದೇಶ,देश,Sanskrit,1500 BCE - present (liturgical/classical)
ಧ್ವನಿ,ध्वनि,Sanskrit,1500 BCE - present (liturgical/classical)
ಪ್ರಾಣ,प्राण,Sanskrit,1500 BCE - present (liturgical/classical)
ವಿರಾಜಮಾನ,विराजमान,Sanskrit,1500 BCE - present (liturgical/classical)
ಗುಹೆ,गुहा,Sanskrit,1500 BCE - present (liturgical/classical)
ಪ್ರೀತಿ,प्रीति,Sanskrit,1500 BCE - present (liturgical/classical)
ಆಕ್ರೋಶ,आक्रोश,Sanskrit,1500 BCE - present (liturgical/classical)
ಇರಾದೆ,इरादा,Hindi,not available
ಇರಾದೆ,اراده,Classical Persian,800 CE - 1900 CE
ಇರಾದೆ,إِرَادَة,Arabic,600 CE - present
ವಜ್ಜೆ,वह्य,Sanskrit,1500 BCE - present (liturgical/classical)
ಕೂಸು,*kūccu-,Proto-Dravidian,3000 BCE - 1500 BCE (disputed)
ಪ್ರೇತ,प्रेत,Sanskrit,1500 BCE - present (liturgical/classical)
ಗ್ರಾಮ,ग्राम,Sanskrit,1500 BCE - present (liturgical/classical)
ಮಿಲನ,मिलन,Sanskrit,1500 BCE - present (liturgical/classical)
ಮಾತ್ರ,मात्र,Sanskrit,1500 BCE - present (liturgical/classical)
ಮಧ್ಯ,मध्य,Sanskrit,1500 BCE - present (liturgical/classical)
ನಪುಂಸಕ,नपुंसक,Sanskrit,1500 BCE - present (liturgical/classical)
ಹಳ್ಳಿ,*paḷḷi,Proto-Dravidian,3000 BCE - 1500 BCE (disputed)
ಗೀತನಾಟಕ,ಗೀತ,Kannada,450 CE - present
ಗೀತನಾಟಕ,ನಾಟಕ,Kannada,450 CE - present
ಸದ್ದು,sadda,Pali,500 BCE - 1 CE
ಸದ್ದು,शब्द,Sanskrit,1500 BCE - present (liturgical/classical)
ಶಬ್ದ,शब्द,Sanskrit,1500 BCE - present (liturgical/classical)
ಕರು,गर्भ,Sanskrit,1500 BCE - present (liturgical/classical)
ರದ್ದು,رد,Classical Persian,800 CE - 1900 CE
ರದ್ದು,رَدّ,Arabic,600 CE - present
ಮೂರ್ಖ,मूर्ख,Sanskrit,1500 BCE - present (liturgical/classical)
ಅರ್ಧ,अर्ध,Sanskrit,1500 BCE - present (liturgical/classical)
ಹೆಣ,*peṇa,Proto-Dravidian,3000 BCE - 1500 BCE (disputed)
ಶೂರ,शूर,Sanskrit,1500 BCE - present (liturgical/classical)
ವೀರ,वीर,Sanskrit,1500 BCE - present (liturgical/classical)
ಶೌರ್ಯ,शौर्य,Sanskrit,1500 BCE - present (liturgical/classical)
ಸುವಿಧೆ,सुविधा,Sanskrit,1500 BCE - present (liturgical/classical)
ಮೀರು,ಮೀಱು,Old Kannada,450 CE - 1200 CE
ಮೀರು,*mīṯu-,Proto-Dravidian,3000 BCE - 1500 BCE (disputed)
ದೃಷ್ಟಿ,दृष्टि,Sanskrit,1500 BCE - present (liturgical/classical)
ತೇರು,*tēr,Proto-Dravidian,3000 BCE - 1500 BCE (disputed)
ಬಾಯಿ,ಬಾಯ್,Old Kannada,450 CE - 1200 CE
ಬಾಯಿ,*wāy,Proto-Dravidian,3000 BCE - 1500 BCE (disputed)
ಕ್ರೂರ,क्रूर,Sanskrit,1500 BCE - present (liturgical/classical)
ಋಗ್ವೇದ,ऋग्वेद,Sanskrit,1500 BCE - present (liturgical/classical)
ಯೋಗ್ಯ,योग्य,Sanskrit,1500 BCE - present (liturgical/classical)
ಋತು,ऋतु,Sanskrit,1500 BCE - present (liturgical/classical)
ಗಣೇಶ,गणेश,Sanskrit,1500 BCE - present (liturgical/classical)
ಹೋಮ,होम,Sanskrit,1500 BCE - present (liturgical/classical)
ಗಣಪತಿ,गणपति,Sanskrit,1500 BCE - present (liturgical/classical)
ಕನಿಷ್ಠ,कनिष्ठ,Sanskrit,1500 BCE - present (liturgical/classical)
ಯೌವನ,यौवन,Sanskrit,1500 BCE - present (liturgical/classical)
ಶೈವ,शैव,Sanskrit,1500 BCE - present (liturgical/classical)
ವೈಷ್ಣವ,वैष्णव,Sanskrit,1500 BCE - present (liturgical/classical)
ಮೃದು,मृदु,Sanskrit,1500 BCE - present (liturgical/classical)
ಕೋಮಲ,कोमल,Sanskrit,1500 BCE - present (liturgical/classical)
ಆಕಾಶ,आकाश,Sanskrit,1500 BCE - present (liturgical/classical)
ಏಕ,एक,Sanskrit,1500 BCE - present (liturgical/classical)
ರೂಪ,रूप,Sanskrit,1500 BCE - present (liturgical/classical)
ಭಾಗ,भाग,Sanskrit,1500 BCE - present (liturgical/classical)
ಮಹಾದೇವ,महादेव,Sanskrit,1500 BCE - present (liturgical/classical)
ಕೊಟ್ಟಿಗೆ,ಕೊಟ್ಟಗೆ,Old Kannada,450 CE - 1200 CE
ಕೊಟ್ಟಿಗೆ,गोष्ठ,Sanskrit,1500 BCE - present (liturgical/classical)
ಶರೀರ,शरीर,Sanskrit,1500 BCE - present (liturgical/classical)
ಯುರೋಪ್,Europe,English,1550 CE - present
ಶ್ವೇತ,श्वेत,Sanskrit,1500 BCE - present (liturgical/classical)
ಗರ್ಭಿಣಿ,गर्भिणी,Sanskrit,1500 BCE - present (liturgical/classical)
ಹುಬ್ಬು,ಪುರ್ಬು,Middle Kannada,1200 CE - 1700 CE
ಹುಬ್ಬು,ಪುರ್ವು,Old Kannada,450 CE - 1200 CE
ಹುಬ್ಬು,भ्रुवौ,Sanskrit,1500 BCE - present (liturgical/classical)
ಧನ್ಯವಾದ,धन्य,Sanskrit,1500 BCE - present (liturgical/classical)
ಅಂಕ,अङ्क,Sanskrit,1500 BCE - present (liturgical/classical)
ಶ್ಲೋಕ,श्लोक,Sanskrit,1500 BCE - present (liturgical/classical)
ಶೋಕ,शोक,Sanskrit,1500 BCE - present (liturgical/classical)
ನಾಡು,ನಾಟ,Old Kannada,450 CE - 1200 CE
ನಾಡು,*nāṭu,Proto-Dravidian,3000 BCE - 1500 BCE (disputed)
ಆಂಗ್ಲ,anglo,English,1550 CE - present
ತೆಂಕಣ,*teṉ,Proto-Dravidian,3000 BCE - 1500 BCE (disputed)
ತೆಂಕಣ,दक्षिण,Sanskrit,1500 BCE - present (liturgical/classical)
ತೃಪ್ತ,तृप्त,Sanskrit,1500 BCE - present (liturgical/classical)
ಅಂಶಿಕ,अंशिक,Sanskrit,1500 BCE - present (liturgical/classical)
ನಶೆ,नशा,Hindi,not available
ಮುಷ್ಟಿ,मुष्टि,Sanskrit,1500 BCE - present (liturgical/classical)
ಗುಲಾಬಿ,گلاب,Urdu,not available
ಗುಲಾಬಿ,گلاب,Persian,1000 CE - present
ನೌಕೆ,नौ,Sanskrit,1500 BCE - present (liturgical/classical)
ರಸೀದಿ,رسید,Persian,1000 CE - present
ತೋಪು,توپ,Persian,1000 CE - present
ತೋಪು,طوپ,Ottoman Turkish,not available
ಸಾಬೂನು,sabão,Portuguese,1516 CE - present
ಸಾಬೂನು,sabon,Old Portuguese,870 CE - 1400 CE
ಸಾಬೂನು,sāpōnem,Latin,700 BCE - 500 CE
ಸಾಬೂನು,*saipǭ,Proto-Germanic,500 BCE - 500 CE
ಸಾಬೂನು,*seyb-,Proto-Indo-European,4500 BCE - 2500 BCE
ಪಾದ್ರಿ,padre,Portuguese,1516 CE - present
ಪಾದ್ರಿ,padre,Old Portuguese,870 CE - 1400 CE
ಪಾದ್ರಿ,pater,Latin,700 BCE - 500 CE
ಪಾದ್ರಿ,*patēr,Proto-Italic,1000 BCE - 700 BCE (disputed)
ಪಾದ್ರಿ,*ph₂tḗr,Proto-Indo-European,4500 BCE - 2500 BCE
ಗೋವು,गो,Sanskrit,1500 BCE - present (liturgical/classical)
ಚುಕ್ಕೆ,*cukk-V,Proto-Dravidian,3000 BCE - 1500 BCE (disputed)
ಮಹಾರಾಷ್ಟ್ರ,महाराष्ट्र,Sanskrit,1500 BCE - present (liturgical/classical)
ಶಿಫಾರಸು,سفارش,Classical Persian,800 CE - 1900 CE
ಕಂಕ,*kaḻuk,Proto-Dravidian,3000 BCE - 1500 BCE (disputed)
ಹೌದು,*avuntu,Proto-Dravidian,3000 BCE - 1500 BCE (disputed)
ಲಕ್ಷ್ಮಿ,लक्ष्मी,Sanskrit,1500 BCE - present (liturgical/classical)
ಕೋಣ,*kaṭ-V-,Proto-Dravidian,3000 BCE - 1500 BCE (disputed)
ಧನ,धन,Sanskrit,1500 BCE - present (liturgical/classical)
ಗ್ರೀಷ್ಮ,ग्रीष्म,Sanskrit,1500 BCE - present (liturgical/classical)
ಬಯಲು,*wayal,Proto-Dravidian,3000 BCE - 1500 BCE (disputed)
ಕುಳ್ಳ,𑀔𑀼𑀮𑁆𑀮,Maharastri Prakrit,1 CE - 700 CE
ಕುಳ್ಳ,क्षुल्ल,Sanskrit,1500 BCE - present (liturgical/classical)
ಕ್ಷುಲ್ಲಕ,क्षुल्लक,Sanskrit,1500 BCE - present (liturgical/classical)
ಸಸ್ಯ,सस्य,Sanskrit,1500 BCE - present (liturgical/classical)
ಶೂನ್ಯ,शून्य,Sanskrit,1500 BCE - present (liturgical/classical)
ಸೊಪ್ಪು,𑀲𑀧𑁆𑀨,Maharastri Prakrit,1 CE - 700 CE
ಸೊಪ್ಪು,शष्प,Sanskrit,1500 BCE - present (liturgical/classical)
ಸಡಿಲು,𑀲𑀠𑀺𑀮,Prakrit,500 BCE - 1000 CE
ತಿಂಗಳು,ತಿಂಗಳ್,Old Kannada,450 CE - 1200 CE
ನಿಮಿಷ,निमिष,Sanskrit,1500 BCE - present (liturgical/classical)
ವರ್ಷ,वर्ष,Sanskrit,1500 BCE - present (liturgical/classical)
ಸಂವತ್ಸರ,संवत्सर,Sanskrit,1500 BCE - present (liturgical/classical)
ಗತಿ,गति,Sanskrit,1500 BCE - present (liturgical/classical)
ಪ್ರಥಮ,प्रथम,Sanskrit,1500 BCE - present (liturgical/classical)
ಪ್ರಾತಃಕಾಲ,प्रातःकाल,Sanskrit,1500 BCE - present (liturgical/classical)
ಪ್ರಿಯ,प्रिय,Sanskrit,1500 BCE - present (liturgical/classical)
ಮಗಳು,*mak-aḷ,Proto-Dravidian,3000 BCE - 1500 BCE (disputed)
ಕ್ಷತ್ರಿಯ,क्षत्रिय,Sanskrit,1500 BCE - present (liturgical/classical)
ಗೃಹ,गृह,Sanskrit,1500 BCE - present (liturgical/classical)
ಮದ್ಯ,मद्य,Sanskrit,1500 BCE - present (liturgical/classical)
ಮದ್ಯಪಾನ,मद्यपान,Sanskrit,1500 BCE - present (liturgical/classical)
ಯಕೃತ್ತು,यकृत्,Sanskrit,1500 BCE - present (liturgical/classical)
ಹೇಮಂತ,हेमन्त,Sanskrit,1500 BCE - present (liturgical/classical)
ರಾಷ್ಟ್ರ,राष्ट्र,Sanskrit,1500 BCE - present (liturgical/classical)
ನೆತ್ತರು,ನೆತ್ತರ್,Old Kannada,450 CE - 1200 CE
ಕ್ಷೇಮ,क्षेम,Sanskrit,1500 BCE - present (liturgical/classical)
ಸ್ಫೋಟ,स्फोट,Sanskrit,1500 BCE - present (liturgical/classical)
ಧೈರ್ಯ,धैर्य,Sanskrit,1500 BCE - present (liturgical/classical)
ಗಣಕಯಂತ್ರ,ಗಣಕ,Kannada,450 CE - present
ಗಣಕಯಂತ್ರ,ಯಂತ್ರ,Kannada,450 CE - present
ಗುಡಿ,ಗುಡಿ,Old Kannada,450 CE - 1200 CE
ದ್ರೋಹ,द्रोह,Sanskrit,1500 BCE - present (liturgical/classical)
ಸಕ್ಕರೆ ಕಾಯಿಲೆ,ಸಕ್ಕರೆ,Kannada,450 CE - present
ಸಕ್ಕರೆ ಕಾಯಿಲೆ,ಕಾಯಿಲೆ,Kannada,450 CE - present
ನೆರಳು,ನೆೞಲ್,Old Kannada,450 CE - 1200 CE
ಕಬ್ಬು,ಕರ್ಬು,Middle Kannada,1200 CE - 1700 CE
ಕಬ್ಬು,ಕರ್ವು,Old Kannada,450 CE - 1200 CE
ಬೆಕ್ಕು,ಬೆರ್ಕು,Old Kannada,450 CE - 1200 CE
ಹೊತ್ತು,ಪೊರ್ತು,Middle Kannada,1200 CE - 1700 CE
ಹೊತ್ತು,ಪೊೞ್ತು,Old Kannada,450 CE - 1200 CE
ಪಾಕ,पाक,Marathi,not available
ಪಾಕ,पक्व,Sanskrit,1500 BCE - present (liturgical/classical)
ಸಮಯ,समय,Sanskrit,1500 BCE - present (liturgical/classical)
ಹೇನು,ಪೇನ್,Old Kannada,450 CE - 1200 CE
ಹೇನು,*pēn,Proto-Dravidian,3000 BCE - 1500 BCE (disputed)
ಕತ್ತೆ,ಕೞ್ತೆ,Old Kannada,450 CE - 1200 CE
ಹಾರು,ಪಾಱು,Old Kannada,450 CE - 1200 CE
ಗುರಿ,ಗುಱಿ,Old Kannada,450 CE - 1200 CE
ಕುರಿ,ಕುಱಿ,Old Kannada,450 CE - 1200 CE
ಮೋಹ,मोह,Sanskrit,1500 BCE - present (liturgical/classical)
ಓಜಸ್ಸು,ओजस्,Sanskrit,1500 BCE - present (liturgical/classical)
ವಿಕೃತ,विकृत,Sanskrit,1500 BCE - present (liturgical/classical)
ವಿಕಟ,विकट,Sanskrit,1500 BCE - present (liturgical/classical)
ಕರ್ತವ್ಯ,कर्तव्य,Sanskrit,1500 BCE - present (liturgical/classical)
ತನುವು,तनू,Sanskrit,1500 BCE - present (liturgical/classical)
ಹೃದ್ರೋಗ,हृद्रोग,Sanskrit,1500 BCE - present (liturgical/classical)
ಸುಗ್ಗಿ,सुग्रीष्मक,Sanskrit,1500 BCE - present (liturgical/classical)
ನಾರಿ,नारी,Sanskrit,1500 BCE - present (liturgical/classical)
ಚೌಕ,चतुष्क,Sanskrit,1500 BCE - present (liturgical/classical)
ಗ್ಲಾನಿ,ग्लानि,Sanskrit,1500 BCE - present (liturgical/classical)
ಕೇಶ,केश,Sanskrit,1500 BCE - present (liturgical/classical)
ರಾಜ್ಯ,राज्य,Sanskrit,1500 BCE - present (liturgical/classical)
ವಿಮಾನ ನಿಲ್ದಾಣ,ವಿಮಾನ,Kannada,450 CE - present
ವಿಮಾನ ನಿಲ್ದಾಣ,ನಿಲ್ದಾಣ,Kannada,450 CE - present
ಸಭಾಪತಿ,सभापति,Sanskrit,1500 BCE - present (liturgical/classical)
ಹಲಗೆ,ಪಲಗೆ,Old Kannada,450 CE - 1200 CE
ಹಲಗೆ,फलक,Sanskrit,1500 BCE - present (liturgical/classical)
ರಂಡೆ,रण्डा,Sanskrit,1500 BCE - present (liturgical/classical)
ಪಿಪಾಸು,पिपासा,Sanskrit,1500 BCE - present (liturgical/classical)
ಅಶ್ವ,अश्व,Sanskrit,1500 BCE - present (liturgical/classical)
ಸುಪ್ತ,सुप्त,Sanskrit,1500 BCE - present (liturgical/classical)
ರೋದಿಸು,रोदिति,Sanskrit,1500 BCE - present (liturgical/classical)
ತ್ವಚೆ,त्वचा,Sanskrit,1500 BCE - present (liturgical/classical)
ಗೃಧ್ರ,गृध्र,Sanskrit,1500 BCE - present (liturgical/classical)
ಕ್ರೀಡಿಸು,क्रीडति,Sanskrit,1500 BCE - present (liturgical/classical)
ಅಷ್ಟಮ,अष्टम,Sanskrit,1500 BCE - present (liturgical/classical)
ಕ್ಷೀರ,क्षीर,Sanskrit,1500 BCE - present (liturgical/classical)
ಪಯಸ್ಸು,पयस्,Sanskrit,1500 BCE - present (liturgical/classical)
ವಿಷ್ಣು,विष्णु,Sanskrit,1500 BCE - present (liturgical/classical)
ತಮಸ್ಸು,तमस्,Sanskrit,1500 BCE - present (liturgical/classical)
ಮನಸ್ಸು,मनस्,Sanskrit,1500 BCE - present (liturgical/classical)
ವಾಕ್ಕು,वाक्,Sanskrit,1500 BCE - present (liturgical/classical)
ಇಂಗು,हिङ्गु,Sanskrit,1500 BCE - present (liturgical/classical)
ಪಿತ್ತ,पित्त,Sanskrit,1500 BCE - present (liturgical/classical)
ಲವಂಗ,लवङ्ग,Sanskrit,1500 BCE - present (liturgical/classical)
ಗೋತ್ರ,गोत्र,Sanskrit,1500 BCE - present (liturgical/classical)
ಬಳ್ಳಿ,वल्लि,Sanskrit,1500 BCE - present (liturgical/classical)
ಮಲ್ಲಿಗೆ,मल्लिका,Sanskrit,1500 BCE - present (liturgical/classical)
ಮರಕತ,मरकत,Sanskrit,1500 BCE - present (liturgical/classical)
ಮೌಕ್ತಿಕ,मौक्तिक,Sanskrit,1500 BCE - present (liturgical/classical)
ವಜ್ರ,वज्र,Sanskrit,1500 BCE - present (liturgical/classical)
ಶಿಷ್ಯ,शिष्य,Sanskrit,1500 BCE - present (liturgical/classical)
ಕುಂಕುಮ,कुङ्कुम,Sanskrit,1500 BCE - present (liturgical/classical)
ರೈತ,رَعِيَّة,Arabic,600 CE - present
ನವಮ,नवम,Sanskrit,1500 BCE - present (liturgical/classical)
ದಶಮ,दशम,Sanskrit,1500 BCE - present (liturgical/classical)
ಮಡಿದ,𑀫𑀟,Prakrit,500 BCE - 1000 CE
ಮಡಿದ,मृत,Sanskrit,1500 BCE - present (liturgical/classical)
ರೋದನೆ,रोदन,Sanskrit,1500 BCE - present (liturgical/classical)
ಕಪೋತ,कपोत,Sanskrit,1500 BCE - present (liturgical/classical)
ಕೊಳಲು,ಕೊೞಲ್,Old Kannada,450 CE - 1200 CE
ರಾಕ್ಷಸ,राक्षस,Sanskrit,1500 BCE - present (liturgical/classical)
ರಕ್ಕಸ,rakkhasa,Pali,500 BCE - 1 CE
ರಕ್ಕಸ,राक्षस,Sanskrit,1500 BCE - present (liturgical/classical)
ಶಿಶ್ನ,शिश्न,Sanskrit,1500 BCE - present (liturgical/classical)
ರುದ್ರ,रुद्र,Sanskrit,1500 BCE - present (liturgical/classical)
ರಮಣೀಯ,रमणीय,Sanskrit,1500 BCE - present (liturgical/classical)
ಸಂಖ್ಯೆ,संख्या,Sanskrit,1500 BCE - present (liturgical/classical)
ಸಂಸ್ಥೆ,संस्थ,Sanskrit,1500 BCE - present (liturgical/classical)
ಸಲಹೆ,صلاح,Classical Persian,800 CE - 1900 CE
ಸಲಹೆ,صَلَاح,Arabic,600 CE - present
ಹೋಳಿಗೆ,ಪೋಳಿಗೆ,Old Kannada,450 CE - 1200 CE
ಹೋಳಿಗೆ,पौलिका,Sanskrit,1500 BCE - present (liturgical/classical)
ತಾರೆ,तारा,Sanskrit,1500 BCE - present (liturgical/classical)
ದಿನೇ ದಿನೇ,दिने दिने,Sanskrit,1500 BCE - present (liturgical/classical)
ಪುಷ್ಪ,पुष्प,Sanskrit,1500 BCE - present (liturgical/classical)
ಗಬ್ಬ,gabbha,Pali,500 BCE - 1 CE
ಗಬ್ಬ,गर्भ,Sanskrit,1500 BCE - present (liturgical/classical)
ಯಶಸ್ಸು,यशस्,Sanskrit,1500 BCE - present (liturgical/classical)
ಲಿಂಗ,लिङ्ग,Sanskrit,1500 BCE - present (liturgical/classical)
ಆನು,ಆನ್,Old Kannada,450 CE - 1200 CE
ಎರುಗು,ಇಱುಂಪು,Old Kannada,450 CE - 1200 CE
ಎರುಗು,*eṟu-,Proto-Dravidian,3000 BCE - 1500 BCE (disputed)
ಅನ್ಯಥಾ,अन्यथा,Sanskrit,1500 BCE - present (liturgical/classical)
ಮರುಭೂಮಿ,मरु,Sanskrit,1500 BCE - present (liturgical/classical)
ಸಭೆ,सभा,Sanskrit,1500 BCE - present (liturgical/classical)
ಮುಹೂರ್ತ,मुहूर्त,Sanskrit,1500 BCE - present (liturgical/classical)
ಪಿತ,पिता,Sanskrit,1500 BCE - present (liturgical/classical)
ದುಹಿತೆ,दुहिता,Sanskrit,1500 BCE - present (liturgical/classical)
ಸಪ್ತಮ,सप्तम,Sanskrit,1500 BCE - present (liturgical/classical)
ಹವ್ಯಕ,हव्य,Sanskrit,1500 BCE - present (liturgical/classical)
ಹವಿಗನ್ನಡ,ಹವೀಗ,Kannada,450 CE - present
ಹವಿಗನ್ನಡ,ಕನ್ನಡ,Kannada,450 CE - present
ಹೈಗನ್ನಡ,ಹೈಗ,Kannada,450 CE - present
ಹೈಗನ್ನಡ,ಕನ್ನಡ,Kannada,450 CE - present
ಒರಕು,*oṟk-,Proto-Dravidian,3000 BCE - 1500 BCE (disputed)
ಜಲ್ಮ,जल्म,Konkani,not available
ಜಲ್ಮ,जन्म,Sanskrit,1500 BCE - present (liturgical/classical)
ಹೂಗು,ಪೂ,Old Kannada,450 CE - 1200 CE
ಹೂಗು,*pū,Proto-Dravidian,3000 BCE - 1500 BCE (disputed)
ಮಾಧವ,माधव,Sanskrit,1500 BCE - present (liturgical/classical)
ಶಂಕರ,शंकर,Sanskrit,1500 BCE - present (liturgical/classical)
ಗಂಗಾಧರ,गङ्गाधर,Classical Sanskrit,500 BCE - 1000 CE
ಸದಾಶಿವ,सदाशिव,Sanskrit,1500 BCE - present (liturgical/classical)
ಶ್ರೀನಿವಾಸ,श्रीनिवास,Sanskrit,1500 BCE - present (liturgical/classical)
ಲಕ್ಕಣ,𑀮𑀓𑁆𑀔𑀡,Prakrit,500 BCE - 1000 CE
ಲಕ್ಕಣ,लक्ष्मण,Sanskrit,1500 BCE - present (liturgical/classical)
ಬಟಾಟೆ,batata,Portuguese,1516 CE - present
ಯಂತ್ರ,यन्त्र,Sanskrit,1500 BCE - present (liturgical/classical)
ಸ್ವಾದಿಷ್ಟ,स्वादिष्ठ,Sanskrit,1500 BCE - present (liturgical/classical)
ಅಜ್ಜ,आर्य,Sanskrit,1500 BCE - present (liturgical/classical)
ರಾಜಪುತ್ರ,राजपुत्र,Sanskrit,1500 BCE - present (liturgical/classical)
ಪಣತಿ,प्रणति,Sanskrit,1500 BCE - present (liturgical/classical)
ಪಣತಿ,*pantam,Proto-Dravidian,3000 BCE - 1500 BCE (disputed)
ನಭ,नभस्,Sanskrit,1500 BCE - present (liturgical/classical)
ಮುಖ್ಯ,मुख्य,Sanskrit,1500 BCE - present (liturgical/classical)
ಸಮಸ್ಯೆ,समस्या,Sanskrit,1500 BCE - present (liturgical/classical)
ಪ್ರತಿಮೆ,प्रतिमा,Sanskrit,1500 BCE - present (liturgical/classical)
ಅಂದಾಜು,اندازه,Classical Persian,800 CE - 1900 CE
ದೇವಿ,देवी,Sanskrit,1500 BCE - present (liturgical/classical)
ಸ್ನೇಹ,स्नेह,Sanskrit,1500 BCE - present (liturgical/classical)
ಹುಲ್ಲು,ಪುಲ್,Old Kannada,450 CE - 1200 CE
ದೃಗ್ಗಣಿತ,दृक्,Sanskrit,1500 BCE - present (liturgical/classical)
ಏರೋಪ್ಲೇನ್,aeroplane,English,1550 CE - present
ನಿಧಿ,निधि,Sanskrit,1500 BCE - present (liturgical/classical)
ಗುರು,गुरु,Sanskrit,1500 BCE - present (liturgical/classical)
ಚತುರ್ಥ,चतुर्थ,Sanskrit,1500 BCE - present (liturgical/classical)
ಚಿತ್ರಾನ್ನ,ಚಿತ್ರ,Kannada,450 CE - present
ಚಿತ್ರಾನ್ನ,ಅನ್ನ,Kannada,450 CE - present
ಬಾವಿ,𑀯𑀸𑀯𑀻,Prakrit,500 BCE - 1000 CE
ಬಾವಿ,वापी,Sanskrit,1500 BCE - present (liturgical/classical)
ಕಾದಂಬರಿ,कादंबरी,Sanskrit,1500 BCE - present (liturgical/classical)
ಸ್ವಲ್ಪ,स्वल्प,Sanskrit,1500 BCE - present (liturgical/classical)
ಅಘನಾಶಿನಿ,अघ,Sanskrit,1500 BCE - present (liturgical/classical)
ಗೊಲ್ಲ,गोपाल,Sanskrit,1500 BCE - present (liturgical/classical)
ಪಕ್ಕ,pakkha,Pali,500 BCE - 1 CE
ಪಕ್ಕ,पक्ष,Sanskrit,1500 BCE - present (liturgical/classical)
ತೆಲ್ಲ,𑀢𑁳𑀮𑁆𑀮,Maharastri Prakrit,1 CE - 700 CE
ತೆಲ್ಲ,तैल,Sanskrit,1500 BCE - present (liturgical/classical)
ದಾಡಿ,𑀤𑀸𑀠𑀺𑀆,Prakrit,500 BCE - 1000 CE
ದಾಡಿ,दाढिका,Sanskrit,1500 BCE - present (liturgical/classical)
ಕುಂಬಾರ,𑀓𑀼𑀁𑀪𑀸𑀭,Prakrit,500 BCE - 1000 CE
ಕುಂಬಾರ,कुम्भकार,Sanskrit,1500 BCE - present (liturgical/classical)
ಕುಂಬಾರ,ಕುಂಬಾಱ,Old Kannada,450 CE - 1200 CE
ಫಜೀತಿ,فَضِيحَة,Arabic,600 CE - present
ರಾಣಿ,𑀭𑀸𑀡𑀻,Prakrit,500 BCE - 1000 CE
ರಾಣಿ,राज्ञी,Sanskrit,1500 BCE - present (liturgical/classical)
ಬಾಕಿ,बाक़ी,Hindi,not available
ಬಾಕಿ,بَاقٍ,Arabic,600 CE - present
ರೊಕ್ಕ,*𑀭𑁄𑀓𑁆𑀓,Ashokan Prakrit,300 BCE - 100 BCE
ರೊಕ್ಕ,रोक,Sanskrit,1500 BCE - present (liturgical/classical)
ತಾಕೀತು,تَأْكِيد,Arabic,600 CE - present
ಸಕತ್,سخت,Classical Persian,800 CE - 1900 CE
ಅಕ್ಕಲು,عَقل,Classical Persian,800 CE - 1900 CE
ಅಕ್ಕಲು,عَقْل,Arabic,600 CE - present
ಬೇಜಾರು,بی‌زار,Persian,1000 CE - present
ವಿದ್ಯಾರ್ಥಿ,विद्यार्थिन्,Sanskrit,1500 BCE - present (liturgical/classical)
ಮಾಜಿ,مَاضٍ,Arabic,600 CE - present
ಜಾಹೀರಾತು,ظَاهِرَة,Arabic,600 CE - present
ಅಸಹ್ಯ,असह्य,Sanskrit,1500 BCE - present (liturgical/classical)
ರಾಮಚಂದ್ರ,रामचन्द्र,Sanskrit,1500 BCE - present (liturgical/classical)
ವಯಸ್ಸು,वयस्,Sanskrit,1500 BCE - present (liturgical/classical)
ಸೋಮವಾರ,ಸೋಮ,Kannada,450 CE - present
ಸೋಮವಾರ,ವಾರ,Kannada,450 CE - present
ಭಾನುವಾರ,ಭಾನು,Kannada,450 CE - present
ಭಾನುವಾರ,ವಾರ,Kannada,450 CE - present
ರವಿವಾರ,ರವಿ,Kannada,450 CE - present
ರವಿವಾರ,ವಾರ,Kannada,450 CE - present
ಮಂಗಳವಾರ,ಮಂಗಳ,Kannada,450 CE - present
ಮಂಗಳವಾರ,ವಾರ,Kannada,450 CE - present
ಬುಧವಾರ,ಬುಧ,Kannada,450 CE - present
ಬುಧವಾರ,ವಾರ,Kannada,450 CE - present
ಗುರುವಾರ,ಗುರು,Kannada,450 CE - present
ಗುರುವಾರ,ವಾರ,Kannada,450 CE - present
ಶುಕ್ರವಾರ,ಶುಕ್ರ,Kannada,450 CE - present
ಶುಕ್ರವಾರ,ವಾರ,Kannada,450 CE - present
ಶನಿವಾರ,ಶನಿ,Kannada,450 CE - present
ಶನಿವಾರ,ವಾರ,Kannada,450 CE - present
ಶಕೃತ್ತು,शकृत्,Sanskrit,1500 BCE - present (liturgical/classical)
ಜೋಯಿಸ,ज्यौतिषिक,Sanskrit,1500 BCE - present (liturgical/classical)
ಬಿಲ್ಲು,ಬಿಲ್,Old Kannada,450 CE - 1200 CE
ಬಿಲ್ಲು,*wil,Proto-Dravidian,3000 BCE - 1500 BCE (disputed)
ಕಾಯ್ದೆ,قَاعِدَة,Arabic,600 CE - present
ಉಡುಪಿ,ಒಡಿಪು,Tulu,not available
ಕವಾಯತು,قَوَاعِد,Arabic,600 CE - present
ಜಾಸ್ತಿ,زِيَادَةِ,Arabic,600 CE - present
ಎಣಿಸು,*eṇ,Proto-Dravidian,3000 BCE - 1500 BCE (disputed)
ತಿನ್ನು,*tiHn,Proto-Dravidian,3000 BCE - 1500 BCE (disputed)
ರಾಯ,𑀭𑀸𑀬,Prakrit,500 BCE - 1000 CE
ರಾಯ,राजन्,Sanskrit,1500 BCE - present (liturgical/classical)
ಅಪೂಟ್,अपूट,Marathi,not available
ಅಪೂಟ್,अस्पृष्ट,Sanskrit,1500 BCE - present (liturgical/classical)
ಅರಸ,राजन्,Sanskrit,1500 BCE - present (liturgical/classical)
ಮುಳ್ಳು,ಮುಳ್,Old Kannada,450 CE - 1200 CE
ಮುಳ್ಳು,*muḷ,Proto-Dravidian,3000 BCE - 1500 BCE (disputed)
ಮೇಷ್ಟ್ರು,master,English,1550 CE - present
ಹಣ,पण,Sanskrit,1500 BCE - present (liturgical/classical)
ಬಂಗಾರ,भृङ्गार,Sanskrit,1500 BCE - present (liturgical/classical)
ಹೊನ್ನು,*pon,Proto-Dravidian,3000 BCE - 1500 BCE (disputed)
English,Englisch,Middle English,1150 CE - 1500 CE
English,Englisċ,Old English,450 CE - 1150 CE
English,*h₂enǵʰ-,Proto-Indo-European,4500 BCE - 2500 BCE
ನಾಯ್,*naH-ay,Proto-Dravidian,3000 BCE - 1500 BCE (disputed)
जन,*ȷ́ánHas,Proto-Indo-Aryan,2000 BCE - 1500 BCE
जन,*ȷ́ánHas,Proto-Indo-Iranian,2200 BCE - 1800 BCE
जन,*ǵénh₁os,Proto-Indo-European,4500 BCE - 2500 BCE
मदन,*meh₂d-,Proto-Indo-European,4500 BCE - 2500 BCE
सिंह,*sinźʰás,Proto-Indo-Aryan,2000 BCE - 1500 BCE
सिंह,*sinȷ́ʰás,Proto-Indo-Iranian,2200 BCE - 1800 BCE
सिंह,*sinǵʰo-,Proto-Indo-European,4500 BCE - 2500 BCE
अरण्य,*h₂el-,Proto-Indo-European,4500 BCE - 2500 BCE
कफ,*kapʰas,Proto-Indo-Aryan,2000 BCE - 1500 BCE
कफ,*kapʰas,Proto-Indo-Iranian,2200 BCE - 1800 BCE
दिन,*dinám,Proto-Indo-Aryan,2000 BCE - 1500 BCE
दिन,*dinám,Proto-Indo-Iranian,2200 BCE - 1800 BCE
दिन,*dyew-,Proto-Indo-European,4500 BCE - 2500 BCE
दीर्घ,*dr̥Hgʰás,Proto-Indo-Iranian,2200 BCE - 1800 BCE
दीर्घ,*dl̥h₁gʰós,Proto-Indo-European,4500 BCE - 2500 BCE
अग्नि,*Hagníṣ,Proto-Indo-Aryan,2000 BCE - 1500 BCE
अग्नि,*Hagnís,Proto-Indo-Iranian,2200 BCE - 1800 BCE
अग्नि,*h₁n̥gʷnís,Proto-Indo-European,4500 BCE - 2500 BCE
चन्द्र,*(s)ćandrás,Proto-Indo-Aryan,2000 BCE - 1500 BCE
चन्द्र,*(s)čandrás,Proto-Indo-Iranian,2200 BCE - 1800 BCE
चन्द्र,*(s)kand-,Proto-Indo-European,4500 BCE - 2500 BCE
नाग,𒀭𒈾,Sumerian,not available
नाग,*negʷ-,Proto-Indo-European,4500 BCE - 2500 BCE
नदी,*nadíH,Proto-Indo-Iranian,2200 BCE - 1800 BCE
ಪಿಟ್ಟು,𑀧𑀺𑀝𑁆𑀞,Maharastri Prakrit,1 CE - 700 CE
ಪಿಟ್ಟು,पिष्ट,Sanskrit,1500 BCE - present (liturgical/classical)
पिष्ट,*pištás,Proto-Indo-Iranian,2200 BCE - 1800 BCE
गिरि,*gr̥Híš,Proto-Indo-Iranian,2200 BCE - 1800 BCE
गिरि,*gl̥h₁éys,Proto-Indo-European,4500 BCE - 2500 BCE
पर्वत,*párwatas,Proto-Indo-Iranian,2200 BCE - 1800 BCE
वन,*wán-,Proto-Indo-Iranian,2200 BCE - 1800 BCE
भाषा,*bʰáHṣaH,Proto-Indo-Aryan,2000 BCE - 1500 BCE
भाषा,*bʰáHšaH,Proto-Indo-Iranian,2200 BCE - 1800 BCE
भाषा,*bʰeh₂-,Proto-Indo-European,4500 BCE - 2500 BCE
राम,*raHmás,Proto-Indo-Iranian,2200 BCE - 1800 BCE
राम,*reh₁mós,Proto-Indo-European,4500 BCE - 2500 BCE
इतिहास,इति,Sanskrit,1500 BCE - present (liturgical/classical)
इतिहास,ह,Sanskrit,1500 BCE - present (liturgical/classical)
इतिहास,आस,Sanskrit,1500 BCE - present (liturgical/classical)
ध्यान,*dʰayHanā-,Proto-Indo-Iranian,2200 BCE - 1800 BCE
भक्ति,*bʰaktíṣ,Proto-Indo-Aryan,2000 BCE - 1500 BCE
भक्ति,*bʰaktíš,Proto-Indo-Iranian,2200 BCE - 1800 BCE
भक्ति,*bʰeh₂g-,Proto-Indo-European,4500 BCE - 2500 BCE
ناشتا,अनाशित,Sanskrit,1500 BCE - present (liturgical/classical)
ಪೆಸರ್,*picar,Proto-Dravidian,3000 BCE - 1500 BCE (disputed)
ನೀನ್,*nīn,Proto-Dravidian,3000 BCE - 1500 BCE (disputed)
अङ्गार,*Hángāras,Proto-Indo-Aryan,2000 BCE - 1500 BCE
अङ्गार,*Hángāras,Proto-Indo-Iranian,2200 BCE - 1800 BCE
अङ्गार,*h₁óngʷl̥,Proto-Indo-European,4500 BCE - 2500 BCE
ಮೞೆ,*maẓay,Proto-Dravidian,3000 BCE - 1500 BCE (disputed)
ಪೋಗು,*pō-,Proto-Dravidian,3000 BCE - 1500 BCE (disputed)
सूर्य,*súHar,Proto-Indo-Iranian,2200 BCE - 1800 BCE
सूर्य,*sóh₂wl̥,Proto-Indo-European,4500 BCE - 2500 BCE
वा,वा,Sanskrit,1500 BCE - present (liturgical/classical)
वा,*-wā,Proto-Indo-Iranian,2200 BCE - 1800 BCE
वा,*-wē,Proto-Indo-European,4500 BCE - 2500 BCE
वा,*h₂weh₁-,Proto-Indo-European,4500 BCE - 2500 BCE
یا,يَا,Arabic,600 CE - present
ಕಲ್,*kal,Proto-Dravidian,3000 BCE - 1500 BCE (disputed)
चक्र,*ćakrám,Proto-Indo-Aryan,2000 BCE - 1500 BCE
चक्र,*čakrám,Proto-Indo-Iranian,2200 BCE - 1800 BCE
चक्र,*kʷékʷlos,Proto-Indo-European,4500 BCE - 2500 BCE
हृदय,*źʰŕ̥dayam,Proto-Indo-Aryan,2000 BCE - 1500 BCE
हृदय,*ȷ́ʰŕ̥dayam,Proto-Indo-Iranian,2200 BCE - 1800 BCE
हृदय,*ḱr̥d-,Proto-Indo-European,4500 BCE - 2500 BCE
द्वीप,*dwiHpás,Proto-Indo-Iranian,2200 BCE - 1800 BCE
गोधूम,गो,Sanskrit,1500 BCE - present (liturgical/classical)
गोधूम,धूम,Sanskrit,1500 BCE - present (liturgical/classical)
ಕೆಱೆ,*keṯay,Proto-Dravidian,3000 BCE - 1500 BCE (disputed)
ಪತ್ತು,*paHtu,Proto-Dravidian,3000 BCE - 1500 BCE (disputed)
शून्य,*ḱówH-,Proto-Indo-European,4500 BCE - 2500 BCE
पूर्व,*pr̥Hwás,Proto-Indo-Aryan,2000 BCE - 1500 BCE
पूर्व,*pr̥Hwás,Proto-Indo-Iranian,2200 BCE - 1800 BCE
दीपावलि,दीप,Sanskrit,1500 BCE - present (liturgical/classical)
दीपावलि,आवलि,Sanskrit,1500 BCE - present (liturgical/classical)
ಪಂದಿ,*panṯi,Proto-Dravidian,3000 BCE - 1500 BCE (disputed)
दूरदर्शन,दूर,Sanskrit,1500 BCE - present (liturgical/classical)
दूरदर्शन,दर्शन,Sanskrit,1500 BCE - present (liturgical/classical)
स्नुषा,*snušás,Proto-Indo-Iranian,2200 BCE - 1800 BCE
स्नुषा,*snusós,Proto-Indo-European,4500 BCE - 2500 BCE
कोप,*káwpas,Proto-Indo-Aryan,2000 BCE - 1500 BCE
कोप,*káwpas,Proto-Indo-Iranian,2200 BCE - 1800 BCE
कोप,*kwep-,Proto-Indo-European,4500 BCE - 2500 BCE
भय,*bʰeyh₂-,Proto-Indo-European,4500 BCE - 2500 BCE
देह,*dʰáyȷ́ʰas,Proto-Indo-Iranian,2200 BCE - 1800 BCE
केवल,*káywalas,Proto-Indo-Aryan,2000 BCE - 1500 BCE
केवल,*káywalas,Proto-Indo-Iranian,2200 BCE - 1800 BCE
केवल,*kéywelos,Proto-Indo-European,4500 BCE - 2500 BCE
निद्रा,*HnidráH,Proto-Indo-Iranian,2200 BCE - 1800 BCE
स्तन,*pstánas,Proto-Indo-Iranian,2200 BCE - 1800 BCE
स्तन,*pstḗn,Proto-Indo-European,4500 BCE - 2500 BCE
कण,*kánas,Proto-Indo-Aryan,2000 BCE - 1500 BCE
कण,*kánas,Proto-Indo-Iranian,2200 BCE - 1800 BCE
श्मश्रु,*smoḱru,Proto-Indo-European,4500 BCE - 2500 BCE
विधवा,*HwidʰáwaH,Proto-Indo-Iranian,2200 BCE - 1800 BCE
विधवा,*h₁widʰéwh₂,Proto-Indo-European,4500 BCE - 2500 BCE
उष्ट्र,*úštras,Proto-Indo-Iranian,2200 BCE - 1800 BCE
ananás,naná,Guaraní,not available
कवि,*káwHiš,Proto-Indo-Iranian,2200 BCE - 1800 BCE
विष,*wiṣás,Proto-Indo-Aryan,2000 BCE - 1500 BCE
विष,*wišás,Proto-Indo-Iranian,2200 BCE - 1800 BCE
विष,*wisós,Proto-Indo-European,4500 BCE - 2500 BCE
hospital,hospital,Old Portuguese,870 CE - 1400 CE
hospital,hospitālis,Late Latin,200 CE - 600 CE
hospital,hospitālis,Latin,700 BCE - 500 CE
hospital,hospital,Middle English,1150 CE - 1500 CE
hospital,hospital,Old French,800 CE - 1400 CE
hospital,hospitālis,Late Latin,200 CE - 600 CE
hospital,hospitālis,Latin,700 BCE - 500 CE
uṇṇa,ऊर्णा,Sanskrit,1500 BCE - present (liturgical/classical)
ऊर्णा,*Hwŕ̥HnaH,Proto-Indo-Iranian,2200 BCE - 1800 BCE
ऊर्णा,*h₂wĺ̥h₁neh₂,Proto-Indo-European,4500 BCE - 2500 BCE
वर्ण,*wárnas,Proto-Indo-Iranian,2200 BCE - 1800 BCE
वर्ण,*welh₁-,Proto-Indo-European,4500 BCE - 2500 BCE
श्वास,*ćwāsás,Proto-Indo-Iranian,2200 BCE - 1800 BCE
पूर्ण,*pr̥Hnás,Proto-Indo-Iranian,2200 BCE - 1800 BCE
पूर्ण,*pl̥h₁nós,Proto-Indo-European,4500 BCE - 2500 BCE
पोर,पोत,Sanskrit,1500 BCE - present (liturgical/classical)
शङ्क्,*ḱenk-,Proto-Indo-European,4500 BCE - 2500 BCE
दूर्वा,*dŕ̥HwaH,Proto-Indo-Aryan,2000 BCE - 1500 BCE
दूर्वा,*dŕ̥HwaH,Proto-Indo-Iranian,2200 BCE - 1800 BCE
ತೇಳು,*tēḷ,Proto-Dravidian,3000 BCE - 1500 BCE (disputed)
बीज,*bíHȷ́am,Proto-Indo-Iranian,2200 BCE - 1800 BCE
पत्नी,*pátniH,Proto-Indo-Iranian,2200 BCE - 1800 BCE
पत्नी,*pótnih₂,Proto-Indo-European,4500 BCE - 2500 BCE
मित्र,*mitrás,Proto-Indo-Aryan,2000 BCE - 1500 BCE
मित्र,*mitrás,Proto-Indo-Iranian,2200 BCE - 1800 BCE
मित्र,*mey-,Proto-Indo-European,4500 BCE - 2500 BCE
रोग,*lewg-,Proto-Indo-European,4500 BCE - 2500 BCE
राजन्,*h₃rḗǵs,Proto-Indo-European,4500 BCE - 2500 BCE
रक्षा,*h₂lek-,Proto-Indo-European,4500 BCE - 2500 BCE
पुत्र,*putrás,Proto-Indo-Iranian,2200 BCE - 1800 BCE
पुत्र,*peh₂w-,Proto-Indo-European,4500 BCE - 2500 BCE
श्लक्ष्ण,*slagžʰnás,Proto-Indo-Iranian,2200 BCE - 1800 BCE
श्लक्ष्ण,*sleg⁽ʷ⁾ʰ-,Proto-Indo-European,4500 BCE - 2500 BCE
दूर,*duHrás,Proto-Indo-Iranian,2200 BCE - 1800 BCE
मांस,*māmsám,Proto-Indo-Iranian,2200 BCE - 1800 BCE
स्त्री,*stríH,Proto-Indo-Iranian,2200 BCE - 1800 BCE
ಪುಣ್ಣಿಮೆ,पूर्णिमा,Sanskrit,1500 BCE - present (liturgical/classical)
पूर्णिमा,पूर्ण,Sanskrit,1500 BCE - present (liturgical/classical)
पूर्णिमा,मा,Sanskrit,1500 BCE - present (liturgical/classical)
स्पर्धा,*sperdʰ-,Proto-Indo-European,4500 BCE - 2500 BCE
उग्र,*Hugrás,Proto-Indo-Iranian,2200 BCE - 1800 BCE
स्वप्न,*swápnas,Proto-Indo-Iranian,2200 BCE - 1800 BCE
स्वप्न,*swépnos,Proto-Indo-European,4500 BCE - 2500 BCE
दहति,*dʰáǰʰati,Proto-Indo-Iranian,2200 BCE - 1800 BCE
दहति,*dʰégʷʰeti,Proto-Indo-European,4500 BCE - 2500 BCE
वधू,*wadʰúHs,Proto-Indo-Aryan,2000 BCE - 1500 BCE
वधू,*wadʰúHs,Proto-Indo-Iranian,2200 BCE - 1800 BCE
हिम,*źʰimás,Proto-Indo-Aryan,2000 BCE - 1500 BCE
हिम,*ȷ́ʰimás,Proto-Indo-Iranian,2200 BCE - 1800 BCE
हिम,*ǵʰéyōm,Proto-Indo-European,4500 BCE - 2500 BCE
ऋण,*Hr̥nás,Proto-Indo-Iranian,2200 BCE - 1800 BCE
कॢप्,*(s)kelH-,Proto-Indo-European,4500 BCE - 2500 BCE
सेतु,*sHáytuš,Proto-Indo-Iranian,2200 BCE - 1800 BCE
पति,*pátiš,Proto-Indo-Iranian,2200 BCE - 1800 BCE
पति,*pótis,Proto-Indo-European,4500 BCE - 2500 BCE
ऊर्ध्व,*r̥Hdʰwás,Proto-Indo-Iranian,2200 BCE - 1800 BCE
ऊर्ध्व,*h₃erdʰ-,Proto-Indo-European,4500 BCE - 2500 BCE
श्वन्,*ćwā́,Proto-Indo-Iranian,2200 BCE - 1800 BCE
श्वन्,*ḱwṓ,Proto-Indo-European,4500 BCE - 2500 BCE
पाप,*pāpás,Proto-Indo-Iranian,2200 BCE - 1800 BCE
जय,*gʷey-,Proto-Indo-European,4500 BCE - 2500 BCE
क्षय,*gẓʰayás,Proto-Indo-Aryan,2000 BCE - 1500 BCE
क्षय,*gžʰayás,Proto-Indo-Iranian,2200 BCE - 1800 BCE
क्षय,*dʰgʷʰey-,Proto-Indo-European,4500 BCE - 2500 BCE
ऋषभ,*(w)r̥šabʰás,Proto-Indo-Iranian,2200 BCE - 1800 BCE
मृग,*mr̥gás,Proto-Indo-Iranian,2200 BCE - 1800 BCE
बल,*bálas,Proto-Indo-Aryan,2000 BCE - 1500 BCE
बल,*bálas,Proto-Indo-Iranian,2200 BCE - 1800 BCE
बल,*bel-,Proto-Indo-European,4500 BCE - 2500 BCE
हंस,*ȷ́ʰansás,Proto-Indo-Iranian,2200 BCE - 1800 BCE
हंस,*ǵʰh₂éns,Proto-Indo-European,4500 BCE - 2500 BCE
तत्क्षण,तद्,Sanskrit,1500 BCE - present (liturgical/classical)
तत्क्षण,क्षण,Sanskrit,1500 BCE - present (liturgical/classical)
मूक,*muHkós,Proto-Indo-European,4500 BCE - 2500 BCE
राष्ट्रपति,राष्ट्र,Sanskrit,1500 BCE - present (liturgical/classical)
राष्ट्रपति,पति,Sanskrit,1500 BCE - present (liturgical/classical)
ಬರ್ದುಂಕು,ಬೞ್ದುಂಕು,Old Kannada,450 CE - 1200 CE
ಬರ್ದುಂಕು,*vāẓ-,Proto-Dravidian,3000 BCE - 1500 BCE (disputed)
ಬೞ್ದುಂಕು,*vāẓ-,Proto-Dravidian,3000 BCE - 1500 BCE (disputed)
ಪೊರಗು,*pūr,Proto-Dravidian,3000 BCE - 1500 BCE (disputed)
ಸಾಸಿರ,सहस्र,Sanskrit,1500 BCE - present (liturgical/classical)
सहस्र,*saźʰásram,Proto-Indo-Aryan,2000 BCE - 1500 BCE
सहस्र,*saȷ́ʰásram,Proto-Indo-Iranian,2200 BCE - 1800 BCE
ಪಡಂಗು,*paḍak-,Proto-Dravidian,3000 BCE - 1500 BCE (disputed)
ಪಕ್ಕಿ,पक्षिन्,Sanskrit,1500 BCE - present (liturgical/classical)
ತುಪ್ಪ,𑀢𑀼𑀧𑁆𑀧,Maharastri Prakrit,1 CE - 700 CE
जीव,*ǰiHwás,Proto-Indo-Iranian,2200 BCE - 1800 BCE
जीव,*gʷih₃wós,Proto-Indo-European,4500 BCE - 2500 BCE
युद्ध,*Hyawdʰ-,Proto-Indo-Iranian,2200 BCE - 1800 BCE
युद्ध,*Hyewdʰ-,Proto-Indo-European,4500 BCE - 2500 BCE
ಪಿತ್ತಳೆ,पित्तल,Sanskrit,1500 BCE - present (liturgical/classical)
हस्त,*ȷ́ʰástas,Proto-Indo-Iranian,2200 BCE - 1800 BCE
हस्त,*ǵʰes-,Proto-Indo-European,4500 BCE - 2500 BCE
वृक्ष,*wr̥ćšás,Proto-Indo-Iranian,2200 BCE - 1800 BCE
बुद्धि,*bʰúddʰiṣ,Proto-Indo-Aryan,2000 BCE - 1500 BCE
बुद्धि,*bʰúdᶻdʰiš,Proto-Indo-Iranian,2200 BCE - 1800 BCE
𐎤𐎢𐎽𐎢𐏁,𒁹𒆪𒊏𒀾,Elamite,not available
कृष्ण,*kr̥šnás,Proto-Indo-Iranian,2200 BCE - 1800 BCE
कृष्ण,*kr̥snós,Proto-Indo-European,4500 BCE - 2500 BCE
शिव,*ḱey-,Proto-Indo-European,4500 BCE - 2500 BCE
शिव,*ḱewh₁-,Proto-Indo-European,4500 BCE - 2500 BCE
मुग्ध,*mugʰdʰás,Proto-Indo-Iranian,2200 BCE - 1800 BCE
मग्न,*mesg-,Proto-Indo-European,4500 BCE - 2500 BCE
सर्प,*sarpás,Proto-Indo-Aryan,2000 BCE - 1500 BCE
सर्प,*sarpás,Proto-Indo-Iranian,2200 BCE - 1800 BCE
सर्प,*serp-,Proto-Indo-European,4500 BCE - 2500 BCE
बोधति,*báwdʰati,Proto-Indo-Aryan,2000 BCE - 1500 BCE
बोधति,*bʰáwdʰati,Proto-Indo-Iranian,2200 BCE - 1800 BCE
बोधति,*bʰéwdʰeti,Proto-Indo-European,4500 BCE - 2500 BCE
गर्भ,*gárbʰas,Proto-Indo-Iranian,2200 BCE - 1800 BCE
मेघ,*Hmaygʰás,Proto-Indo-Iranian,2200 BCE - 1800 BCE
रहस्य,*raȷ́ʰ-,Proto-Indo-Iranian,2200 BCE - 1800 BCE
ईर्ष्यति,*Harš-,Proto-Indo-Iranian,2200 BCE - 1800 BCE
ईर्ष्यति,*h₁ers-,Proto-Indo-European,4500 BCE - 2500 BCE
वायु,*HwaHyúš,Proto-Indo-Iranian,2200 BCE - 1800 BCE
ज्वलति,*ȷ́wálati,Proto-Indo-Aryan,2000 BCE - 1500 BCE
ज्वलति,*ȷ́wálati,Proto-Indo-Iranian,2200 BCE - 1800 BCE
रवि,*h₂rewi-,Proto-Indo-European,4500 BCE - 2500 BCE
कपट,*kh₂emp-,Proto-Indo-European,4500 BCE - 2500 BCE
वृषभ,*(w)r̥šabʰás,Proto-Indo-Iranian,2200 BCE - 1800 BCE
भेद,*bʰeyd-,Proto-Indo-European,4500 BCE - 2500 BCE
हीन,*ȷ́ʰHnás,Proto-Indo-Iranian,2200 BCE - 1800 BCE
हीन,*ǵʰh₁-nós,Proto-Indo-European,4500 BCE - 2500 BCE
पीडयति,*piždáyati,Proto-Indo-Iranian,2200 BCE - 1800 BCE
चर्मन्,*čárma,Proto-Indo-Iranian,2200 BCE - 1800 BCE
चर्मन्,*(s)ker-,Proto-Indo-European,4500 BCE - 2500 BCE
पुरुष,*pŕ̥Hṣas,Proto-Indo-Aryan,2000 BCE - 1500 BCE
पुरुष,*perh₃-,Proto-Indo-European,4500 BCE - 2500 BCE
सूकर,*suH-,Proto-Indo-Iranian,2200 BCE - 1800 BCE
सूकर,*suH-,Proto-Indo-European,4500 BCE - 2500 BCE
नर,*Hnáras,Proto-Indo-Aryan,2000 BCE - 1500 BCE
नर,*Hnáras,Proto-Indo-Iranian,2200 BCE - 1800 BCE
नर,*h₂nḗr,Proto-Indo-European,4500 BCE - 2500 BCE
समुद्र,*wódr̥,Proto-Indo-European,4500 BCE - 2500 BCE
پیغمبر,pgtʾmbl,Middle Persian,300 BCE - 651 CE
रथ,*Hrátʰas,Proto-Indo-Iranian,2200 BCE - 1800 BCE
ऋषि,*ŕ̥ṣiṣ,Proto-Indo-Aryan,2000 BCE - 1500 BCE
ऋषि,*r̥šíš,Proto-Indo-Iranian,2200 BCE - 1800 BCE
Mary,Marie,Middle English,1150 CE - 1500 CE
Mary,Marie,Old French,800 CE - 1400 CE
Mary,Maria,Latin,700 BCE - 500 CE
Mary,Μαρία,Ancient Greek,1500 BCE - 300 BCE
Mary,מַרְיָם,Aramaic,not available
Mary,מִרְיָם,Hebrew,900 BCE - 500 CE
Christmas,Cristemasse,Middle English,1150 CE - 1500 CE
Christmas,Cristes mæsse,Old English,450 CE - 1150 CE
मुख,*múkʰam,Proto-Indo-Aryan,2000 BCE - 1500 BCE
मुख,*múkʰam,Proto-Indo-Iranian,2200 BCE - 1800 BCE
ह्रस्व,*ȷ́ʰraswás,Proto-Indo-Iranian,2200 BCE - 1800 BCE
ह्रस्व,*ǵʰer-,Proto-Indo-European,4500 BCE - 2500 BCE
स्पष्ट,*spaṣṭás,Proto-Indo-Aryan,2000 BCE - 1500 BCE
स्पष्ट,*spaštás,Proto-Indo-Iranian,2200 BCE - 1800 BCE
नम्र,*namrás,Proto-Indo-Aryan,2000 BCE - 1500 BCE
नम्र,*namrás,Proto-Indo-Iranian,2200 BCE - 1800 BCE
द्वेष,*dwáyšas,Proto-Indo-Iranian,2200 BCE - 1800 BCE
कृश,*kr̥śás,Proto-Indo-Aryan,2000 BCE - 1500 BCE
कृश,*kr̥ćás,Proto-Indo-Iranian,2200 BCE - 1800 BCE
कृश,*kr̥ḱós,Proto-Indo-European,4500 BCE - 2500 BCE
त्याग,*tyāgás,Proto-Indo-Iranian,2200 BCE - 1800 BCE
त्याग,*tyegʷ-,Proto-Indo-European,4500 BCE - 2500 BCE
वस्त्र,*wástram,Proto-Indo-Iranian,2200 BCE - 1800 BCE
मधु,*mádʰu,Proto-Indo-Iranian,2200 BCE - 1800 BCE
मधु,*médʰu,Proto-Indo-European,4500 BCE - 2500 BCE
दृढ,*dr̥ẓḍʰás,Proto-Indo-Aryan,2000 BCE - 1500 BCE
दृढ,*dʰr̥ždʰás,Proto-Indo-Iranian,2200 BCE - 1800 BCE
मृत,*mr̥tás,Proto-Indo-Iranian,2200 BCE - 1800 BCE
मृत,*mr̥tós,Proto-Indo-European,4500 BCE - 2500 BCE
कलिंगड,कालिङ्ग,Sanskrit,1500 BCE - present (liturgical/classical)
गुप्त,*guptás,Proto-Indo-Aryan,2000 BCE - 1500 BCE
गुप्त,*guptás,Proto-Indo-Iranian,2200 BCE - 1800 BCE
ಪಸು,pasu,Pali,500 BCE - 1 CE
ಪಸು,𑀧𑀲𑀼,Maharastri Prakrit,1 CE - 700 CE
ಪಸು,पशु,Sanskrit,1500 BCE - present (liturgical/classical)
पशु,*páću,Proto-Indo-Iranian,2200 BCE - 1800 BCE
पशु,*péḱu,Proto-Indo-European,4500 BCE - 2500 BCE
ಎರ್ತು,ಎೞ್ತು,Old Kannada,450 CE - 1200 CE
ಎರ್ತು,*er-utu,Proto-Dravidian,3000 BCE - 1500 BCE (disputed)
ಎೞ್ತು,*er-utu,Proto-Dravidian,3000 BCE - 1500 BCE (disputed)
ಪೂ,*pū,Proto-Dravidian,3000 BCE - 1500 BCE (disputed)
स्थिति,*stéh₂tis,Proto-Indo-European,4500 BCE - 2500 BCE
ಪೂವು,*pū,Proto-Dravidian,3000 BCE - 1500 BCE (disputed)
द्रोण,*dráwnam,Proto-Indo-Iranian,2200 BCE - 1800 BCE
ಗರ್ದೆ,ಗೞ್ದೆ,Old Kannada,450 CE - 1200 CE
ಗರ್ದೆ,*keẓ-d,Proto-Dravidian,3000 BCE - 1500 BCE (disputed)
ಗೞ್ದೆ,*keẓ-d,Proto-Dravidian,3000 BCE - 1500 BCE (disputed)
रात्रि,*HráHtriH,Proto-Indo-Aryan,2000 BCE - 1500 BCE
रात्रि,*HráHtriH,Proto-Indo-Iranian,2200 BCE - 1800 BCE
रात्रि,*Hréh₁trih₂,Proto-Indo-European,4500 BCE - 2500 BCE
उत्तम,*uttamás,Proto-Indo-Aryan,2000 BCE - 1500 BCE
उत्तम,*utˢtamás,Proto-Indo-Iranian,2200 BCE - 1800 BCE
उत्तम,*udtm̥mós,Proto-Indo-European,4500 BCE - 2500 BCE
मनुष्य,*manuṣyás,Proto-Indo-Aryan,2000 BCE - 1500 BCE
मनुष्य,*manušyás,Proto-Indo-Iranian,2200 BCE - 1800 BCE
मनुष्य,*mon-,Proto-Indo-European,4500 BCE - 2500 BCE
आर्य,*Áryas,Proto-Indo-Aryan,2000 BCE - 1500 BCE
आर्य,*Áryas,Proto-Indo-Iranian,2200 BCE - 1800 BCE
इच्छा,*h₂eys-,Proto-Indo-European,4500 BCE - 2500 BCE
जाति,*ȷ́aHtíṣ,Proto-Indo-Aryan,2000 BCE - 1500 BCE
जाति,*ȷ́áHtiš,Proto-Indo-Iranian,2200 BCE - 1800 BCE
जाति,*ǵénh₁tis,Proto-Indo-European,4500 BCE - 2500 BCE
मृत्यु,*mr̥tyúš,Proto-Indo-Iranian,2200 BCE - 1800 BCE
मृत्यु,*mer-,Proto-Indo-European,4500 BCE - 2500 BCE
रिक्त,*riktás,Proto-Indo-Iranian,2200 BCE - 1800 BCE
लोक,*lawkás,Proto-Indo-Aryan,2000 BCE - 1500 BCE
श्रेष्ठ,*ćráyHištʰas,Proto-Indo-Iranian,2200 BCE - 1800 BCE
यज्ञ,*Hyaȷ́nás,Proto-Indo-Iranian,2200 BCE - 1800 BCE
repair,repairen,Middle English,1150 CE - 1500 CE
repair,reparer,Middle French,1340 CE - 1610 CE
repair,reparō,Latin,700 BCE - 500 CE
repair,repairier,Old French,800 CE - 1400 CE
repair,repatriare,Late Latin,200 CE - 600 CE
स्रोतस्,*sráwtas,Proto-Indo-Iranian,2200 BCE - 1800 BCE
मध्याह्न,मध्य,Sanskrit,1500 BCE - present (liturgical/classical)
मध्याह्न,अहन्,Sanskrit,1500 BCE - present (liturgical/classical)
अंश,*Hánćas,Proto-Indo-Iranian,2200 BCE - 1800 BCE
अंश,*h₁ónḱos,Proto-Indo-European,4500 BCE - 2500 BCE
घोष,*gʰáwṣas,Proto-Indo-Aryan,2000 BCE - 1500 BCE
घोष,*gʰáwšas,Proto-Indo-Iranian,2200 BCE - 1800 BCE
गूढ,*gʰuẓḍʰás,Proto-Indo-Aryan,2000 BCE - 1500 BCE
गूढ,*gʰuždʰás,Proto-Indo-Iranian,2200 BCE - 1800 BCE
तृण,*tŕ̥nam,Proto-Indo-Aryan,2000 BCE - 1500 BCE
तृण,*tŕ̥nam,Proto-Indo-Iranian,2200 BCE - 1800 BCE
तृण,*tr̥nós,Proto-Indo-European,4500 BCE - 2500 BCE
पात्र,*páHtram,Proto-Indo-Aryan,2000 BCE - 1500 BCE
पात्र,*páHtram,Proto-Indo-Iranian,2200 BCE - 1800 BCE
क्षेत्र,*ṭṣáytram,Proto-Indo-Aryan,2000 BCE - 1500 BCE
क्षेत्र,*ćšáytram,Proto-Indo-Iranian,2200 BCE - 1800 BCE
क्षेत्र,*tḱey-,Proto-Indo-European,4500 BCE - 2500 BCE
शुक्र,*śukrás,Proto-Indo-Aryan,2000 BCE - 1500 BCE
शुक्र,*ćukrás,Proto-Indo-Iranian,2200 BCE - 1800 BCE
शुक्र,*ḱuk-ró-s,Proto-Indo-European,4500 BCE - 2500 BCE
अन्य,*Hanyás,Proto-Indo-Aryan,2000 BCE - 1500 BCE
अन्य,*Hanyás,Proto-Indo-Iranian,2200 BCE - 1800 BCE
दिव्य,*diwyás,Proto-Indo-Aryan,2000 BCE - 1500 BCE
दिव्य,*diwyás,Proto-Indo-Iranian,2200 BCE - 1800 BCE
दिव्य,*diwyós,Proto-Indo-European,4500 BCE - 2500 BCE
वृद्ध,*wr̥dᶻdʰás,Proto-Indo-Iranian,2200 BCE - 1800 BCE
वसन्त,*wásr̥,Proto-Indo-Iranian,2200 BCE - 1800 BCE
तृप्ति,*terp-,Proto-Indo-European,4500 BCE - 2500 BCE
मनस्,*mánas,Proto-Indo-Iranian,2200 BCE - 1800 BCE
मनस्,*ménos,Proto-Indo-European,4500 BCE - 2500 BCE
ಪಗಲ್,*pakal,Proto-Dravidian,3000 BCE - 1500 BCE (disputed)
त्यजति,*tyáȷ́ati,Proto-Indo-Aryan,2000 BCE - 1500 BCE
त्यजति,*tyáǰati,Proto-Indo-Iranian,2200 BCE - 1800 BCE
त्यजति,*tyegʷ-,Proto-Indo-European,4500 BCE - 2500 BCE
लज्जा,*lazȷ́-,Proto-Indo-Aryan,2000 BCE - 1500 BCE
अस्थि,*Hástʰi,Proto-Indo-Iranian,2200 BCE - 1800 BCE
सत्य,*Hsatyás,Proto-Indo-Iranian,2200 BCE - 1800 BCE
सम,*samHás,Proto-Indo-Iranian,2200 BCE - 1800 BCE
सम,*somHós,Proto-Indo-European,4500 BCE - 2500 BCE
सहते,*sáźʰatay,Proto-Indo-Aryan,2000 BCE - 1500 BCE
सहते,*sáȷ́ʰatay,Proto-Indo-Iranian,2200 BCE - 1800 BCE
सहते,*seǵʰ-,Proto-Indo-European,4500 BCE - 2500 BCE
فرصت,فُرْصَة,Arabic,600 CE - present
ಬಿಡು,ವಿಡು,Old Kannada,450 CE - 1200 CE
ಬಿಡು,*viṭu,Proto-Dravidian,3000 BCE - 1500 BCE (disputed)
रजा,رِضًا,Arabic,600 CE - present
رضا,رِضًا,Arabic,600 CE - present
लघु,*Hlagʰúṣ,Proto-Indo-Aryan,2000 BCE - 1500 BCE
लघु,*Hlagʰúš,Proto-Indo-Iranian,2200 BCE - 1800 BCE
लघु,*h₁léngʰus,Proto-Indo-European,4500 BCE - 2500 BCE
तृष्णा,*tŕ̥šnas,Proto-Indo-Iranian,2200 BCE - 1800 BCE
हक़,حَقّ,Arabic,600 CE - present
حق,حَقّ,Arabic,600 CE - present
कटु,*kaṭ-u,Proto-Dravidian,3000 BCE - 1500 BCE (disputed)
मणि,*maníṣ,Proto-Indo-Aryan,2000 BCE - 1500 BCE
मणि,*maníš,Proto-Indo-Iranian,2200 BCE - 1800 BCE
मूढ,*muẓḍʰás,Proto-Indo-Aryan,2000 BCE - 1500 BCE
मूढ,*muždʰás,Proto-Indo-Iranian,2200 BCE - 1800 BCE
द्यूत,*dyuH-,Proto-Indo-Iranian,2200 BCE - 1800 BCE
गत,*gatás,Proto-Indo-Iranian,2200 BCE - 1800 BCE
गत,*gʷm̥tós,Proto-Indo-European,4500 BCE - 2500 BCE
नाश,*nāśás,Proto-Indo-Aryan,2000 BCE - 1500 BCE
नाश,*nāćás,Proto-Indo-Iranian,2200 BCE - 1800 BCE
church,chirche,Middle English,1150 CE - 1500 CE
church,ċiriċe,Old English,450 CE - 1150 CE
church,*kirikā,Proto-West Germanic,before 500 CE (unconfirmed)
church,κυριακόν,Ancient Greek,1500 BCE - 300 BCE
church,*ḱewh₁-,Proto-Indo-European,4500 BCE - 2500 BCE
पर्वन्,*párwr̥,Proto-Indo-Aryan,2000 BCE - 1500 BCE
पर्वन्,*párwr̥,Proto-Indo-Iranian,2200 BCE - 1800 BCE
पर्वन्,*pérwr̥,Proto-Indo-European,4500 BCE - 2500 BCE
क्रीडा,*kriẓḍ-,Proto-Indo-Aryan,2000 BCE - 1500 BCE
कन्या,*kanyáH,Proto-Indo-Iranian,2200 BCE - 1800 BCE
कन्या,*ken-,Proto-Indo-European,4500 BCE - 2500 BCE
मूत्र,*múHtrom,Proto-Indo-European,4500 BCE - 2500 BCE
श्रद्धा,*ćradᶻdʰáH,Proto-Indo-Iranian,2200 BCE - 1800 BCE
अश्रु,*Háśru,Proto-Indo-Aryan,2000 BCE - 1500 BCE
अश्रु,*Háćru,Proto-Indo-Iranian,2200 BCE - 1800 BCE
अश्रु,*h₂eḱru,Proto-Indo-European,4500 BCE - 2500 BCE
युक्त,*yuktás,Proto-Indo-Iranian,2200 BCE - 1800 BCE
युक्त,*yugtós,Proto-Indo-European,4500 BCE - 2500 BCE
देश,*dayśás,Proto-Indo-Aryan,2000 BCE - 1500 BCE
देश,*dayćás,Proto-Indo-Iranian,2200 BCE - 1800 BCE
देश,*deyḱ-,Proto-Indo-European,4500 BCE - 2500 BCE
ध्वनि,*dʰwaníṣ,Proto-Indo-Aryan,2000 BCE - 1500 BCE
ध्वनि,*dʰwaníš,Proto-Indo-Iranian,2200 BCE - 1800 BCE
ध्वनि,*dʰwen-,Proto-Indo-European,4500 BCE - 2500 BCE
प्राण,*h₂enh₁-,Proto-Indo-European,4500 BCE - 2500 BCE
गुहा,*gʰawȷ́ʰ-,Proto-Indo-Iranian,2200 BCE - 1800 BCE
प्रीति,*priHtíš,Proto-Indo-Iranian,2200 BCE - 1800 BCE
इरादा,إِرَادَة,Arabic,600 CE - present
ग्राम,*grā́mas,Proto-Indo-Aryan,2000 BCE - 1500 BCE
ग्राम,*grā́mas,Proto-Indo-Iranian,2200 BCE - 1800 BCE
ग्राम,*h₂ger-,Proto-Indo-European,4500 BCE - 2500 BCE
मात्र,*mā́tram,Proto-Indo-Iranian,2200 BCE - 1800 BCE
मध्य,*mádʰyas,Proto-Indo-Iranian,2200 BCE - 1800 BCE
मध्य,*médʰyos,Proto-Indo-European,4500 BCE - 2500 BCE
अर्ध,*Hárdʰas,Proto-Indo-Iranian,2200 BCE - 1800 BCE
शूर,*ćuHrás,Proto-Indo-Iranian,2200 BCE - 1800 BCE
शूर,*ḱewH-,Proto-Indo-European,4500 BCE - 2500 BCE
वीर,*wiHrás,Proto-Indo-Iranian,2200 BCE - 1800 BCE
वीर,*wiHrós,Proto-Indo-European,4500 BCE - 2500 BCE
दृष्टि,*dŕ̥ṣṭiṣ,Proto-Indo-Aryan,2000 BCE - 1500 BCE
दृष्टि,*dŕ̥štiš,Proto-Indo-Iranian,2200 BCE - 1800 BCE
दृष्टि,*derḱ-,Proto-Indo-European,4500 BCE - 2500 BCE
ಬಾಯ್,*wāy,Proto-Dravidian,3000 BCE - 1500 BCE (disputed)
क्रूर,*kruHrás,Proto-Indo-Aryan,2000 BCE - 1500 BCE
क्रूर,*kruHrás,Proto-Indo-Iranian,2200 BCE - 1800 BCE
क्रूर,*kruh₂rós,Proto-Indo-European,4500 BCE - 2500 BCE
ऋतु,*Hr̥túš,Proto-Indo-Iranian,2200 BCE - 1800 BCE
होम,*źʰáwmas,Proto-Indo-Aryan,2000 BCE - 1500 BCE
होम,*ȷ́ʰáwmas,Proto-Indo-Iranian,2200 BCE - 1800 BCE
गणपति,गण,Sanskrit,1500 BCE - present (liturgical/classical)
गणपति,पति,Sanskrit,1500 BCE - present (liturgical/classical)
मृदु,*mr̥dúṣ,Proto-Indo-Aryan,2000 BCE - 1500 BCE
मृदु,*mr̥dúš,Proto-Indo-Iranian,2200 BCE - 1800 BCE
मृदु,*ml̥dus,Proto-Indo-European,4500 BCE - 2500 BCE
एक,*Háykas,Proto-Indo-Aryan,2000 BCE - 1500 BCE
एक,*Háykas,Proto-Indo-Iranian,2200 BCE - 1800 BCE
एक,*óynos,Proto-Indo-European,4500 BCE - 2500 BCE
भाग,*bʰāgás,Proto-Indo-Aryan,2000 BCE - 1500 BCE
भाग,*bʰāgás,Proto-Indo-Iranian,2200 BCE - 1800 BCE
भाग,*bʰeh₂g-,Proto-Indo-European,4500 BCE - 2500 BCE
महादेव,महा,Sanskrit,1500 BCE - present (liturgical/classical)
महादेव,देव,Sanskrit,1500 BCE - present (liturgical/classical)
ಕೊಟ್ಟಗೆ,गोष्ठ,Sanskrit,1500 BCE - present (liturgical/classical)
गोष्ठ,गो,Sanskrit,1500 BCE - present (liturgical/classical)
गोष्ठ,स्थ,Sanskrit,1500 BCE - present (liturgical/classical)
Europe,Europe,Middle English,1150 CE - 1500 CE
Europe,Europa,Latin,700 BCE - 500 CE
Europe,Εὐρώπη,Ancient Greek,1500 BCE - 300 BCE
श्वेत,*ćwaytás,Proto-Indo-Iranian,2200 BCE - 1800 BCE
गर्भिणी,गर्भ,Sanskrit,1500 BCE - present (liturgical/classical)
गर्भिणी,-इन्,Sanskrit,1500 BCE - present (liturgical/classical)
ಪುರ್ಬು,ಪುರ್ವು,Old Kannada,450 CE - 1200 CE
ಪುರ್ಬು,भ्रू,Sanskrit,1500 BCE - present (liturgical/classical)
ಪುರ್ವು,भ्रुवौ,Sanskrit,1500 BCE - present (liturgical/classical)
अङ्क,*Hankás,Proto-Indo-Aryan,2000 BCE - 1500 BCE
अङ्क,*Hánkas,Proto-Indo-Iranian,2200 BCE - 1800 BCE
अङ्क,*h₂ónkos,Proto-Indo-European,4500 BCE - 2500 BCE
श्लोक,*śláwkas,Proto-Indo-Aryan,2000 BCE - 1500 BCE
श्लोक,*ḱlew-,Proto-Indo-European,4500 BCE - 2500 BCE
शोक,*śṓcati,Proto-Indo-Iranian,2200 BCE - 1800 BCE
शोक,*ḱewk-,Proto-Indo-European,4500 BCE - 2500 BCE
ನಾಟ,*nāṭu,Proto-Dravidian,3000 BCE - 1500 BCE (disputed)
दक्षिण,*dáćšinas,Proto-Indo-Iranian,2200 BCE - 1800 BCE
तृप्त,*terp-,Proto-Indo-European,4500 BCE - 2500 BCE
नशा,نَشْأَة,Arabic,600 CE - present
मुष्टि,*muštíš,Proto-Indo-Iranian,2200 BCE - 1800 BCE
گلاب,گل,Persian,1000 CE - present
گلاب,آب,Persian,1000 CE - present
नौ,*náHuṣ,Proto-Indo-Aryan,2000 BCE - 1500 BCE
नौ,*náHuš,Proto-Indo-Iranian,2200 BCE - 1800 BCE
नौ,*néh₂us,Proto-Indo-European,4500 BCE - 2500 BCE
طوپ,*top,Proto-Turkic,not available
sabão,sabon,Old Portuguese,870 CE - 1400 CE
sabão,sāpōnem,Latin,700 BCE - 500 CE
sabão,*saipǭ,Proto-Germanic,500 BCE - 500 CE
sabão,*seyb-,Proto-Indo-European,4500 BCE - 2500 BCE
padre,padre,Old Portuguese,870 CE - 1400 CE
padre,pater,Latin,700 BCE - 500 CE
padre,*patēr,Proto-Italic,1000 BCE - 700 BCE (disputed)
padre,*ph₂tḗr,Proto-Indo-European,4500 BCE - 2500 BCE
padre,patrem,Latin,700 BCE - 500 CE
padre,*ph₂tḗr,Proto-Indo-European,4500 BCE - 2500 BCE
pater,*patēr,Proto-Italic,1000 BCE - 700 BCE (disputed)
pater,*ph₂tḗr,Proto-Indo-European,4500 BCE - 2500 BCE
गो,*gā́wš,Proto-Indo-Iranian,2200 BCE - 1800 BCE
गो,*gʷṓws,Proto-Indo-European,4500 BCE - 2500 BCE
धन,*dʰanH-,Proto-Indo-Iranian,2200 BCE - 1800 BCE
धन,*dʰenh₂-,Proto-Indo-European,4500 BCE - 2500 BCE
सस्य,*sasás,Proto-Indo-Iranian,2200 BCE - 1800 BCE
सस्य,*(s)h₁es-,Proto-Indo-European,4500 BCE - 2500 BCE
ತಿಂಗಳ್,*tinkaḷ,Proto-Dravidian,3000 BCE - 1500 BCE (disputed)
संवत्सर,*wet-,Proto-Indo-European,4500 BCE - 2500 BCE
गति,*gátiš,Proto-Indo-Iranian,2200 BCE - 1800 BCE
गति,*gʷémtis,Proto-Indo-European,4500 BCE - 2500 BCE
प्रथम,*pratʰamás,Proto-Indo-Iranian,2200 BCE - 1800 BCE
प्रथम,*pro-,Proto-Indo-European,4500 BCE - 2500 BCE
प्रातःकाल,प्रातर्,Sanskrit,1500 BCE - present (liturgical/classical)
प्रातःकाल,काल,Sanskrit,1500 BCE - present (liturgical/classical)
प्रिय,*priHás,Proto-Indo-Iranian,2200 BCE - 1800 BCE
प्रिय,*priHós,Proto-Indo-European,4500 BCE - 2500 BCE
क्षत्रिय,*kšatríyas,Proto-Indo-Iranian,2200 BCE - 1800 BCE
क्षत्रिय,*tek-,Proto-Indo-European,4500 BCE - 2500 BCE
गृह,*gʰr̥dʰás,Proto-Indo-Iranian,2200 BCE - 1800 BCE
मद्यपान,मद्य,Sanskrit,1500 BCE - present (liturgical/classical)
मद्यपान,पान,Sanskrit,1500 BCE - present (liturgical/classical)
यकृत्,*Hyákr̥,Proto-Indo-Iranian,2200 BCE - 1800 BCE
यकृत्,*Hyékʷr̥,Proto-Indo-European,4500 BCE - 2500 BCE
हेमन्त,*ȷ́ʰaymantás,Proto-Indo-Iranian,2200 BCE - 1800 BCE
ನೆತ್ತರ್,*neyttVr,Proto-Dravidian,3000 BCE - 1500 BCE (disputed)
क्षेम,*ṭṣáymas,Proto-Indo-Aryan,2000 BCE - 1500 BCE
क्षेम,*ćšáymas,Proto-Indo-Iranian,2200 BCE - 1800 BCE
क्षेम,*tḱóymos,Proto-Indo-European,4500 BCE - 2500 BCE
ಗುಡಿ,*kuṭi,Proto-Dravidian,3000 BCE - 1500 BCE (disputed)
द्रोह,*dʰráwgʰas,Proto-Indo-Iranian,2200 BCE - 1800 BCE
द्रोह,*dʰrówgʰos,Proto-Indo-European,4500 BCE - 2500 BCE
ನೆೞಲ್,*nVẓal-,Proto-Dravidian,3000 BCE - 1500 BCE (disputed)
ಕರ್ಬು,ಕರ್ವು,Old Kannada,450 CE - 1200 CE
ಕರ್ವು,*karumpu,Proto-Dravidian,3000 BCE - 1500 BCE (disputed)
ಬೆರ್ಕು,*weruku,Proto-Dravidian,3000 BCE - 1500 BCE (disputed)
ಪೊರ್ತು,ಪೊೞ್ತು,Old Kannada,450 CE - 1200 CE
ಪೊೞ್ತು,*poẓ-tu,Proto-Dravidian,3000 BCE - 1500 BCE (disputed)
पाक,𑀧𑀓𑁆𑀓,Maharastri Prakrit,1 CE - 700 CE
पाक,पक्व,Sanskrit,1500 BCE - present (liturgical/classical)
ಪೇನ್,*pēn,Proto-Dravidian,3000 BCE - 1500 BCE (disputed)
ಕೞ್ತೆ,*kaẓutay,Proto-Dravidian,3000 BCE - 1500 BCE (disputed)
ಪಾಱು,*pāṯu-,Proto-Dravidian,3000 BCE - 1500 BCE (disputed)
ಕುಱಿ,*koṯi,Proto-Dravidian,3000 BCE - 1500 BCE (disputed)
ಕುಱಿ,*kuṯ,Proto-Dravidian,3000 BCE - 1500 BCE (disputed)
मोह,*máwǰʰas,Proto-Indo-Iranian,2200 BCE - 1800 BCE
ओजस्,*Háwǰas,Proto-Indo-Iranian,2200 BCE - 1800 BCE
विकृत,वि-,Sanskrit,1500 BCE - present (liturgical/classical)
विकृत,कृत,Sanskrit,1500 BCE - present (liturgical/classical)
तनू,*tanúHs,Proto-Indo-Iranian,2200 BCE - 1800 BCE
तनू,*tenuh₂-,Proto-Indo-European,4500 BCE - 2500 BCE
हृद्रोग,हृद्,Sanskrit,1500 BCE - present (liturgical/classical)
हृद्रोग,रोग,Sanskrit,1500 BCE - present (liturgical/classical)
नारी,*Hnā́riš,Proto-Indo-Iranian,2200 BCE - 1800 BCE
ग्लानि,*gʷelH-,Proto-Indo-European,4500 BCE - 2500 BCE
केश,*káyśas,Proto-Indo-Aryan,2000 BCE - 1500 BCE
केश,*káyćas ~ gáyćas,Proto-Indo-Iranian,2200 BCE - 1800 BCE
सभापति,सभा,Sanskrit,1500 BCE - present (liturgical/classical)
सभापति,पति,Sanskrit,1500 BCE - present (liturgical/classical)
ಪಲಗೆ,फलक,Sanskrit,1500 BCE - present (liturgical/classical)
अश्व,*Háśwas,Proto-Indo-Aryan,2000 BCE - 1500 BCE
अश्व,*Háćwas,Proto-Indo-Iranian,2200 BCE - 1800 BCE
अश्व,*h₁éḱwos,Proto-Indo-European,4500 BCE - 2500 BCE
सुप्त,*suptás,Proto-Indo-Iranian,2200 BCE - 1800 BCE
रोदिति,*HráwdHti,Proto-Indo-Aryan,2000 BCE - 1500 BCE
रोदिति,*HráwdHti,Proto-Indo-Iranian,2200 BCE - 1800 BCE
रोदिति,*HrewdH-,Proto-Indo-European,4500 BCE - 2500 BCE
गृध्र,*gr̥dʰrás,Proto-Indo-Iranian,2200 BCE - 1800 BCE
क्रीडति,*kriẓḍ-,Proto-Indo-Aryan,2000 BCE - 1500 BCE
अष्टम,*aštamás,Proto-Indo-Iranian,2200 BCE - 1800 BCE
अष्टम,*oḱtṓw,Proto-Indo-European,4500 BCE - 2500 BCE
क्षीर,*kšiHrám,Proto-Indo-Iranian,2200 BCE - 1800 BCE
पयस्,*páyHas,Proto-Indo-Iranian,2200 BCE - 1800 BCE
पयस्,*peyH-,Proto-Indo-European,4500 BCE - 2500 BCE
विष्णु,*weys-,Proto-Indo-European,4500 BCE - 2500 BCE
तमस्,*támHas,Proto-Indo-Iranian,2200 BCE - 1800 BCE
तमस्,*témHos,Proto-Indo-European,4500 BCE - 2500 BCE
हिङ्गु,*Hángwr̥,Proto-Iranian,not available
वज्र,*wáȷ́ras,Proto-Indo-Aryan,2000 BCE - 1500 BCE
वज्र,*wáȷ́ras,Proto-Indo-Iranian,2200 BCE - 1800 BCE
वज्र,*weǵ-,Proto-Indo-European,4500 BCE - 2500 BCE
शिष्य,शास्,Sanskrit,1500 BCE - present (liturgical/classical)
नवम,*Hnawamás,Proto-Indo-Iranian,2200 BCE - 1800 BCE
नवम,*h₁néwn̥,Proto-Indo-European,4500 BCE - 2500 BCE
दशम,*daćamás,Proto-Indo-Iranian,2200 BCE - 1800 BCE
𑀫𑀟,मृत,Sanskrit,1500 BCE - present (liturgical/classical)
कपोत,*kapáwtas,Proto-Indo-Iranian,2200 BCE - 1800 BCE
शिश्न,*ćnatʰ-,Proto-Indo-Iranian,2200 BCE - 1800 BCE
ಪೋಳಿಗೆ,पौलिका,Sanskrit,1500 BCE - present (liturgical/classical)
तारा,*Hstar-,Proto-Indo-Iranian,2200 BCE - 1800 BCE
तारा,*h₂stḗr,Proto-Indo-European,4500 BCE - 2500 BCE
यशस्,*yáćas,Proto-Indo-Iranian,2200 BCE - 1800 BCE
ಆನ್,*yāṉ,Proto-Dravidian,3000 BCE - 1500 BCE (disputed)
अन्यथा,*HanyátʰaH,Proto-Indo-Iranian,2200 BCE - 1800 BCE
मुहूर्त,*mr̥ȷ́ʰúš,Proto-Indo-Iranian,2200 BCE - 1800 BCE
मुहूर्त,*mréǵʰus,Proto-Indo-European,4500 BCE - 2500 BCE
सप्तम,*saptamás,Proto-Indo-Iranian,2200 BCE - 1800 BCE
हव्य,*ǵʰew-,Proto-Indo-European,4500 BCE - 2500 BCE
हव्य,*ǵʰewH-,Proto-Indo-European,4500 BCE - 2500 BCE
जल्म,जन्म,Sanskrit,1500 BCE - present (liturgical/classical)
शंकर,शम्,Sanskrit,1500 BCE - present (liturgical/classical)
शंकर,कर,Sanskrit,1500 BCE - present (liturgical/classical)
सदाशिव,सदा,Sanskrit,1500 BCE - present (liturgical/classical)
सदाशिव,शिव,Sanskrit,1500 BCE - present (liturgical/classical)
श्रीनिवास,श्री,Sanskrit,1500 BCE - present (liturgical/classical)
श्रीनिवास,निवास,Sanskrit,1500 BCE - present (liturgical/classical)
batata,batata,Taíno,not available
स्वादिष्ठ,*sweh₂d-,Proto-Indo-European,4500 BCE - 2500 BCE
राजपुत्र,राजन्,Sanskrit,1500 BCE - present (liturgical/classical)
राजपुत्र,पुत्र,Sanskrit,1500 BCE - present (liturgical/classical)
नभस्,*nábʰas,Proto-Indo-Iranian,2200 BCE - 1800 BCE
नभस्,*nébʰos,Proto-Indo-European,4500 BCE - 2500 BCE
प्रतिमा,प्रति,Sanskrit,1500 BCE - present (liturgical/classical)
प्रतिमा,मा,Sanskrit,1500 BCE - present (liturgical/classical)
देवी,*déywih₂,Proto-Indo-European,4500 BCE - 2500 BCE
स्नेह,*snáyźʰas,Proto-Indo-Aryan,2000 BCE - 1500 BCE
स्नेह,*snáyǰʰas,Proto-Indo-Iranian,2200 BCE - 1800 BCE
स्नेह,*snóygʷʰos,Proto-Indo-European,4500 BCE - 2500 BCE
ಪುಲ್,*pul,Proto-Dravidian,3000 BCE - 1500 BCE (disputed)
aeroplane,aéroplane,French,1600 CE - present
aeroplane,ἀερόπλανος,Ancient Greek,1500 BCE - 300 BCE
गुरु,*gr̥Húṣ,Proto-Indo-Aryan,2000 BCE - 1500 BCE
गुरु,*gr̥Húš,Proto-Indo-Iranian,2200 BCE - 1800 BCE
गुरु,*gʷréh₂us,Proto-Indo-European,4500 BCE - 2500 BCE
वापी,*weHp-,Proto-Indo-European,4500 BCE - 2500 BCE
अघ,*Hagʰás,Proto-Indo-Iranian,2200 BCE - 1800 BCE
गोपाल,*gʷṓws,Proto-Indo-European,4500 BCE - 2500 BCE
पक्ष,*pakšás,Proto-Indo-Iranian,2200 BCE - 1800 BCE
पक्ष,*peg-,Proto-Indo-European,4500 BCE - 2500 BCE
𑀤𑀸𑀠𑀺𑀆,दाढिका,Sanskrit,1500 BCE - present (liturgical/classical)
दाढिका,*denḱ-,Proto-Indo-European,4500 BCE - 2500 BCE
कुम्भकार,कुम्भ,Sanskrit,1500 BCE - present (liturgical/classical)
कुम्भकार,कार,Sanskrit,1500 BCE - present (liturgical/classical)
राज्ञी,*h₃rḗǵnih₂,Proto-Indo-European,4500 BCE - 2500 BCE
रोक,*rawkás,Proto-Indo-Iranian,2200 BCE - 1800 BCE
रामचन्द्र,राम,Sanskrit,1500 BCE - present (liturgical/classical)
रामचन्द्र,चन्द्र,Sanskrit,1500 BCE - present (liturgical/classical)
वयस्,*wáyHas,Proto-Indo-Iranian,2200 BCE - 1800 BCE
वयस्,*weyh₁-,Proto-Indo-European,4500 BCE - 2500 BCE
शकृत्,*ćákr̥,Proto-Indo-Iranian,2200 BCE - 1800 BCE
शकृत्,*ḱókʷr̥,Proto-Indo-European,4500 BCE - 2500 BCE
ಬಿಲ್,*wil,Proto-Dravidian,3000 BCE - 1500 BCE (disputed)
ಒಡಿಪು,उडुप,Sanskrit,1500 BCE - present (liturgical/classical)
master,maister,Middle English,1150 CE - 1500 CE
master,mǣster,Old English,450 CE - 1150 CE
master,magister,Latin,700 BCE - 500 CE
master,magester,Old Latin,not available
master,*méǵh₂s,Proto-Indo-European,4500 BCE - 2500 BCE
master,maistre,Old French,800 CE - 1400 CE
Englisch,Englisc,Old English,450 CE - 1150 CE
इति,*éy,Proto-Indo-European,4500 BCE - 2500 BCE
ह,*gʷʰen-,Proto-Indo-European,4500 BCE - 2500 BCE
ह,*ǵʰeh₁-,Proto-Indo-European,4500 BCE - 2500 BCE
आस,*HáHsas,Proto-Indo-Aryan,2000 BCE - 1500 BCE
आस,*HáHsas,Proto-Indo-Iranian,2200 BCE - 1800 BCE
आस,*h₂eHs-,Proto-Indo-European,4500 BCE - 2500 BCE
आस,*Hā́sa,Proto-Indo-Aryan,2000 BCE - 1500 BCE
आस,*Hā́sa,Proto-Indo-Iranian,2200 BCE - 1800 BCE
आस,*h₁ós-m̥,Proto-Indo-European,4500 BCE - 2500 BCE
धूम,*dʰuHmás,Proto-Indo-Iranian,2200 BCE - 1800 BCE
धूम,*dʰuh₂mós,Proto-Indo-European,4500 BCE - 2500 BCE
दर्शन,*derḱ-,Proto-Indo-European,4500 BCE - 2500 BCE
hospital,hospital,Old French,800 CE - 1400 CE
hospital,hospitālis,Latin,700 BCE - 500 CE
hospital,hospitālis,Late Latin,200 CE - 600 CE
hospital,hospitālis,Latin,700 BCE - 500 CE
पोत,*peh₂w-,Proto-Indo-European,4500 BCE - 2500 BCE
मा,*maH,Proto-Indo-Aryan,2000 BCE - 1500 BCE
मा,*maH,Proto-Indo-Iranian,2200 BCE - 1800 BCE
मा,*meh₁,Proto-Indo-European,4500 BCE - 2500 BCE
मा,*máHm,Proto-Indo-Aryan,2000 BCE - 1500 BCE
मा,*máHm,Proto-Indo-Iranian,2200 BCE - 1800 BCE
मा,*meh₁-,Proto-Indo-European,4500 BCE - 2500 BCE
तद्,*tád,Proto-Indo-Aryan,2000 BCE - 1500 BCE
तद्,*tád,Proto-Indo-Iranian,2200 BCE - 1800 BCE
तद्,*tód,Proto-Indo-European,4500 BCE - 2500 BCE
Marie,Marie,Old French,800 CE - 1400 CE
Marie,Maria,Latin,700 BCE - 500 CE
Marie,Μαρία,Ancient Greek,1500 BCE - 300 BCE
Maria,Μαρίᾱ,Ancient Greek,1500 BCE - 300 BCE
Maria,מרים,Aramaic,not available
Maria,מרים,Hebrew,900 BCE - 500 CE
Μαρία,מרים,Aramaic,not available
Cristemasse,Cristes mæsse,Old English,450 CE - 1150 CE
chirche,ċiriċe,Old English,450 CE - 1150 CE
chirche,*kirikā,Proto-West Germanic,before 500 CE (unconfirmed)
chirche,κυριακόν,Ancient Greek,1500 BCE - 300 BCE
गण,*h₂ger-,Proto-Indo-European,4500 BCE - 2500 BCE
देव,*daywás,Proto-Indo-Aryan,2000 BCE - 1500 BCE
देव,*daywás,Proto-Indo-Iranian,2200 BCE - 1800 BCE
देव,*deywós,Proto-Indo-European,4500 BCE - 2500 BCE
Europa,Εὐρώπᾱ,Ancient Greek,1500 BCE - 300 BCE
-इन्,*-iHnas,Proto-Indo-Iranian,2200 BCE - 1800 BCE
-इन्,*-iHnos,Proto-Indo-European,4500 BCE - 2500 BCE
भ्रू,*HbʰrúHs,Proto-Indo-Iranian,2200 BCE - 1800 BCE
भ्रू,*h₃bʰrúHs,Proto-Indo-European,4500 BCE - 2500 BCE
گل,gwl,Middle Persian,300 BCE - 651 CE
گل,*vr̥da-,Old Persian,600 BCE - 300 BCE
گل,*wṛda-,Proto-Iranian,not available
گل,*wr̥dʰo-,Proto-Indo-European,4500 BCE - 2500 BCE
گل,*Hwerdʰ-,Proto-Indo-European,4500 BCE - 2500 BCE
گل,TYNA,Middle Persian,300 BCE - 651 CE
گل,goal,English,1550 CE - present
آب,ʾp̄,Middle Persian,300 BCE - 651 CE
آب,𐎠𐎱𐎡𐎹𐎠,Old Persian,600 BCE - 300 BCE
آب,*Hā́fš,Proto-Iranian,not available
آب,*Hā́ps,Proto-Indo-Iranian,2200 BCE - 1800 BCE
آب,*h₂ep-,Proto-Indo-European,4500 BCE - 2500 BCE
काल,*kār,Proto-Dravidian,3000 BCE - 1500 BCE (disputed)
वि-,*wi,Proto-Indo-European,4500 BCE - 2500 BCE
कृत,*kr̥tás,Proto-Indo-Iranian,2200 BCE - 1800 BCE
हृद्,*źʰŕ̥d,Proto-Indo-Aryan,2000 BCE - 1500 BCE
हृद्,*ȷ́ʰŕ̥dayam,Proto-Indo-Iranian,2200 BCE - 1800 BCE
हृद्,*ḱr̥d-,Proto-Indo-European,4500 BCE - 2500 BCE
शास्,*ḱeh₁s-,Proto-Indo-European,4500 BCE - 2500 BCE
शम्,*ḱemh₂-,Proto-Indo-European,4500 BCE - 2500 BCE
शम्,*ćwamH-,Proto-Indo-Iranian,2200 BCE - 1800 BCE
शम्,*ḱewh₁-,Proto-Indo-European,4500 BCE - 2500 BCE
सदा,*sádaH,Proto-Indo-Iranian,2200 BCE - 1800 BCE
श्री,*ćriHrás,Proto-Indo-Iranian,2200 BCE - 1800 BCE
निवास,नि,Sanskrit,1500 BCE - present (liturgical/classical)
निवास,वास,Sanskrit,1500 BCE - present (liturgical/classical)
प्रति,*per-,Proto-Indo-European,4500 BCE - 2500 BCE
aéroplane,ἀερόπλανος,Ancient Greek,1500 BCE - 300 BCE
कुम्भ,*kumbʰás,Proto-Indo-Aryan,2000 BCE - 1500 BCE
कुम्भ,*kʰumbʰás,Proto-Indo-Iranian,2200 BCE - 1800 BCE
maister,maistre,Old French,800 CE - 1400 CE
maister,mǣġester,Old English,450 CE - 1150 CE
maister,magister,Latin,700 BCE - 500 CE
magister,*magisteros,Proto-Italic,1000 BCE - 700 BCE (disputed)
magister,*-teros,Proto-Indo-European,4500 BCE - 2500 BCE
maistre,magister,Latin,700 BCE - 500 CE
gwl,*vr̥da-,Old Persian,600 BCE - 300 BCE
gwl,*wṛda-,Proto-Iranian,not available
gwl,*wr̥dʰo-,Proto-Indo-European,4500 BCE - 2500 BCE
gwl,*HweRdʰ-,Proto-Indo-European,4500 BCE - 2500 BCE
goal,gol,Middle English,1150 CE - 1500 CE
goal,gāl,Old English,450 CE - 1150 CE
ʾp̄,𐎠𐎱𐎡𐎹𐎠,Old Persian,600 BCE - 300 BCE
ʾp̄,*Hā́ps,Proto-Indo-Iranian,2200 BCE - 1800 BCE
ʾp̄,*h₂ep-,Proto-Indo-European,4500 BCE - 2500 BCE
𐎠𐎱𐎡𐎹𐎠,*Hā́fš,Proto-Iranian,not available
𐎠𐎱𐎡𐎹𐎠,*Hā́ps,Proto-Indo-Iranian,2200 BCE - 1800 BCE
𐎠𐎱𐎡𐎹𐎠,*h₂ep-,Proto-Indo-European,4500 BCE - 2500 BCE
नि,*ní,Proto-Indo-Aryan,2000 BCE - 1500 BCE
नि,*ní,Proto-Indo-Iranian,2200 BCE - 1800 BCE
नि,*(h₁)ni,Proto-Indo-European,4500 BCE - 2500 BCE
नि,*h₁én,Proto-Indo-European,4500 BCE - 2500 BCE
वास,*h₂wes-,Proto-Indo-European,4500 BCE - 2500 BCE
